dataset_name,xyz_lr_c,xyz_lr_final_c,radius_lr_c,radius_lr_final_c,weights_lr_c,weights_lr_final_c,mean_training_loss,mean_density_field_loss
starling,0.01,0.7,0.05,0.7,0.1,0.7,97101.494140625,0.8117051056432643
starling,0.01,0.7,0.05,0.7,0.1,0.8,97259.095703125,0.8158695657458146
starling,0.01,0.7,0.05,0.7,0.1,0.9,97608.9765625,0.8189293726614284
starling,0.01,0.7,0.05,0.7,0.14,0.7,102844.2265625,0.8186925873733553
starling,0.01,0.7,0.05,0.7,0.14,0.8,102946.48046875,0.8214727592845666
starling,0.01,0.7,0.05,0.7,0.14,0.9,103023.267578125,0.8235513186513377
starling,0.01,0.7,0.05,0.7,0.2,0.7,115598.521484375,0.8107815904068153
starling,0.01,0.7,0.05,0.7,0.2,0.8,115858.39453125,0.8081877600118184
starling,0.01,0.7,0.05,0.7,0.2,0.9,115955.11328125,0.8102443995277722
starling,0.01,0.7,0.05,0.8,0.1,0.7,97049.78515625,0.8134472210782155
starling,0.01,0.7,0.05,0.8,0.1,0.8,97037.623046875,0.8173501159739787
starling,0.01,0.7,0.05,0.8,0.1,0.9,97337.619140625,0.8204826907706393
starling,0.01,0.7,0.05,0.8,0.14,0.7,102625.3125,0.8201078336716232
starling,0.01,0.7,0.05,0.8,0.14,0.8,102799.126953125,0.8233785795041693
starling,0.01,0.7,0.05,0.8,0.14,0.9,103094.349609375,0.8239625962555077
starling,0.01,0.7,0.05,0.8,0.2,0.7,115412.619140625,0.8116342747729353
starling,0.01,0.7,0.05,0.8,0.2,0.8,115569.484375,0.808942376600529
starling,0.01,0.7,0.05,0.8,0.2,0.9,115971.416015625,0.8093514537504678
starling,0.01,0.7,0.05,0.9,0.1,0.7,96572.259765625,0.8144474729671557
starling,0.01,0.7,0.05,0.9,0.1,0.8,96691.73828125,0.8184510092521817
starling,0.01,0.7,0.05,0.9,0.1,0.9,96842.58203125,0.8217190294824209
starling,0.01,0.7,0.05,0.9,0.14,0.7,102700.111328125,0.8209924067154015
starling,0.01,0.7,0.05,0.9,0.14,0.8,102849.33984375,0.8239731227022811
starling,0.01,0.7,0.05,0.9,0.14,0.9,103208.345703125,0.8248873083774193
starling,0.01,0.7,0.05,0.9,0.2,0.7,115261.802734375,0.811141075472483
starling,0.01,0.7,0.05,0.9,0.2,0.8,115576.40234375,0.8092791481278783
starling,0.01,0.7,0.05,0.9,0.2,0.9,115744.2265625,0.8099519307182035
starling,0.01,0.7,0.1,0.7,0.1,0.7,94651.892578125,0.7545338082749149
starling,0.01,0.7,0.1,0.7,0.1,0.8,94393.865234375,0.75542690688486
starling,0.01,0.7,0.1,0.7,0.1,0.9,94052.994140625,0.7559535830127666
starling,0.01,0.7,0.1,0.7,0.14,0.7,97043.578125,0.7837988318406964
starling,0.01,0.7,0.1,0.7,0.14,0.8,96844.439453125,0.7905997613225139
starling,0.01,0.7,0.1,0.7,0.14,0.9,96977.125,0.7925724148344548
starling,0.01,0.7,0.1,0.7,0.2,0.7,106181.103515625,0.8269804305567074
starling,0.01,0.7,0.1,0.7,0.2,0.8,106083.662109375,0.8325183101303724
starling,0.01,0.7,0.1,0.7,0.2,0.9,106028.8515625,0.8247455531636223
starling,0.01,0.7,0.1,0.8,0.1,0.7,94754.5,0.7543177062042511
starling,0.01,0.7,0.1,0.8,0.1,0.8,94275.830078125,0.754845035706712
starling,0.01,0.7,0.1,0.8,0.1,0.9,94065.634765625,0.7579910039492733
starling,0.01,0.7,0.1,0.8,0.14,0.7,96429.48828125,0.7852036914903548
starling,0.01,0.7,0.1,0.8,0.14,0.8,97228.767578125,0.7908130952869512
starling,0.01,0.7,0.1,0.8,0.14,0.9,97171.599609375,0.7935262758181812
starling,0.01,0.7,0.1,0.8,0.2,0.7,106308.921875,0.8326601678622898
starling,0.01,0.7,0.1,0.8,0.2,0.8,106263.384765625,0.8322285959623652
starling,0.01,0.7,0.1,0.8,0.2,0.9,106407.81640625,0.82824984109646
starling,0.01,0.7,0.1,0.9,0.1,0.7,94542.740234375,0.7564631605965773
starling,0.01,0.7,0.1,0.9,0.1,0.8,94442.861328125,0.7559422190310431
starling,0.01,0.7,0.1,0.9,0.1,0.9,94364.734375,0.7603228662785679
starling,0.01,0.7,0.1,0.9,0.14,0.7,97353.609375,0.786553390253537
starling,0.01,0.7,0.1,0.9,0.14,0.8,96678.53515625,0.791907494073012
starling,0.01,0.7,0.1,0.9,0.14,0.9,97074.349609375,0.7957701608731249
starling,0.01,0.7,0.1,0.9,0.2,0.7,106561.93359375,0.8342221912698979
starling,0.01,0.7,0.1,0.9,0.2,0.8,106484.9296875,0.8381225968662052
starling,0.01,0.7,0.1,0.9,0.2,0.9,106095.505859375,0.8292997715679464
starling,0.01,0.7,0.2,0.7,0.1,0.7,108836.7265625,0.8158844485605036
starling,0.01,0.7,0.2,0.7,0.1,0.8,110843.8359375,0.8041451211682411
starling,0.01,0.7,0.2,0.7,0.1,0.9,110604.556640625,0.8117657864966275
starling,0.01,0.7,0.2,0.7,0.14,0.7,106834.69921875,0.8289549300051235
starling,0.01,0.7,0.2,0.7,0.14,0.8,106419.25,0.8257277306216999
starling,0.01,0.7,0.2,0.7,0.14,0.9,108270.033203125,0.8086545406274888
starling,0.01,0.7,0.2,0.7,0.2,0.7,114664.15625,0.8441027869133808
starling,0.01,0.7,0.2,0.7,0.2,0.8,115512.9375,0.8425582915926864
starling,0.01,0.7,0.2,0.7,0.2,0.9,116870.6171875,0.8411444530354855
starling,0.01,0.7,0.2,0.8,0.1,0.7,109459.25390625,0.8065304685355129
starling,0.01,0.7,0.2,0.8,0.1,0.8,109765.3671875,0.8036525776187221
starling,0.01,0.7,0.2,0.8,0.1,0.9,109439.193359375,0.80859820857726
starling,0.01,0.7,0.2,0.8,0.14,0.7,107453.005859375,0.8262746198749771
starling,0.01,0.7,0.2,0.8,0.14,0.8,108963.1484375,0.8184140159381088
starling,0.01,0.7,0.2,0.8,0.14,0.9,110565.8046875,0.8102728009632144
starling,0.01,0.7,0.2,0.8,0.2,0.7,115430.068359375,0.8415422536629553
starling,0.01,0.7,0.2,0.8,0.2,0.8,116109.47265625,0.8389846675804213
starling,0.01,0.7,0.2,0.8,0.2,0.9,115711.87890625,0.8324836596871124
starling,0.01,0.7,0.2,0.9,0.1,0.7,110815.46484375,0.8061383768072823
starling,0.01,0.7,0.2,0.9,0.1,0.8,109674.708984375,0.803749375343819
starling,0.01,0.7,0.2,0.9,0.1,0.9,111115.8671875,0.8048064777403636
starling,0.01,0.7,0.2,0.9,0.14,0.7,109257.107421875,0.8158133513653084
starling,0.01,0.7,0.2,0.9,0.14,0.8,109584.482421875,0.8162912911720426
starling,0.01,0.7,0.2,0.9,0.14,0.9,108705.126953125,0.8149403802474786
starling,0.01,0.7,0.2,0.9,0.2,0.7,117251.01953125,0.8410093861172245
starling,0.01,0.7,0.2,0.9,0.2,0.8,116397.65625,0.8372277548745093
starling,0.01,0.7,0.2,0.9,0.2,0.9,117613.880859375,0.8318090532842816
starling,0.01,0.8,0.05,0.7,0.1,0.7,95817.462890625,0.8044992335966981
starling,0.01,0.8,0.05,0.7,0.1,0.8,96246.94921875,0.8079012440505997
starling,0.01,0.8,0.05,0.7,0.1,0.9,96629.478515625,0.8111317097254631
starling,0.01,0.8,0.05,0.7,0.14,0.7,102053.89453125,0.8178883605343885
starling,0.01,0.8,0.05,0.7,0.14,0.8,102396.294921875,0.8190394326495842
starling,0.01,0.8,0.05,0.7,0.14,0.9,102491.05859375,0.8208725571793374
starling,0.01,0.8,0.05,0.7,0.2,0.7,114490.68359375,0.8168509275565491
starling,0.01,0.8,0.05,0.7,0.2,0.8,114846.28515625,0.813900991761628
starling,0.01,0.8,0.05,0.7,0.2,0.9,115452.720703125,0.8112784881489348
starling,0.01,0.8,0.05,0.8,0.1,0.7,95601.0390625,0.8051607151011677
starling,0.01,0.8,0.05,0.8,0.1,0.8,95830.361328125,0.8089872748710034
starling,0.01,0.8,0.05,0.8,0.1,0.9,96055.609375,0.8117122022758743
starling,0.01,0.8,0.05,0.8,0.14,0.7,101911.31640625,0.8177783315831799
starling,0.01,0.8,0.05,0.8,0.14,0.8,101872.2890625,0.821219299923683
starling,0.01,0.8,0.05,0.8,0.14,0.9,102436.517578125,0.8254080059662303
starling,0.01,0.8,0.05,0.8,0.2,0.7,114471.177734375,0.8174469632614101
starling,0.01,0.8,0.05,0.8,0.2,0.8,114780.52734375,0.8133847968803967
starling,0.01,0.8,0.05,0.8,0.2,0.9,114913.212890625,0.8151639820478498
starling,0.01,0.8,0.05,0.9,0.1,0.7,95344.728515625,0.8058830004875429
starling,0.01,0.8,0.05,0.9,0.1,0.8,95525.265625,0.8089320378141855
starling,0.01,0.8,0.05,0.9,0.1,0.9,95798.3203125,0.8122813435435083
starling,0.01,0.8,0.05,0.9,0.14,0.7,102180.583984375,0.8185978465402821
starling,0.01,0.8,0.05,0.9,0.14,0.8,102834.716796875,0.8202651662026545
starling,0.01,0.8,0.05,0.9,0.14,0.9,102477.72265625,0.8265783401581113
starling,0.01,0.8,0.05,0.9,0.2,0.7,114340.9296875,0.8172735184314858
starling,0.01,0.8,0.05,0.9,0.2,0.8,115065.248046875,0.8145252234274007
starling,0.01,0.8,0.05,0.9,0.2,0.9,116216.9921875,0.8106132101357599
starling,0.01,0.8,0.1,0.7,0.1,0.7,93976.466796875,0.7523362249726934
starling,0.01,0.8,0.1,0.7,0.1,0.8,93814.677734375,0.7530526088194605
starling,0.01,0.8,0.1,0.7,0.1,0.9,93294.4296875,0.7528691949337407
starling,0.01,0.8,0.1,0.7,0.14,0.7,95008.859375,0.7896540482246579
starling,0.01,0.8,0.1,0.7,0.14,0.8,95271.125,0.7927757336945547
starling,0.01,0.8,0.1,0.7,0.14,0.9,95414.384765625,0.7958848189945753
starling,0.01,0.8,0.1,0.7,0.2,0.7,105962.376953125,0.8294348851238208
starling,0.01,0.8,0.1,0.7,0.2,0.8,106305.080078125,0.833762937461014
starling,0.01,0.8,0.1,0.7,0.2,0.9,105625.11328125,0.8317071606153319
starling,0.01,0.8,0.1,0.8,0.1,0.7,93921.171875,0.7529376010978401
starling,0.01,0.8,0.1,0.8,0.1,0.8,93580.146484375,0.7520449541791765
starling,0.01,0.8,0.1,0.8,0.1,0.9,93305.275390625,0.7524290728377845
starling,0.01,0.8,0.1,0.8,0.14,0.7,95259.939453125,0.7858474541166958
starling,0.01,0.8,0.1,0.8,0.14,0.8,94999.91796875,0.7920065233631373
starling,0.01,0.8,0.1,0.8,0.14,0.9,95064.220703125,0.7951610579705454
starling,0.01,0.8,0.1,0.8,0.2,0.7,105292.26953125,0.8318244681959722
starling,0.01,0.8,0.1,0.8,0.2,0.8,105896.46484375,0.8398088007208243
starling,0.01,0.8,0.1,0.8,0.2,0.9,105439.9453125,0.8273686338811821
starling,0.01,0.8,0.1,0.9,0.1,0.7,93591.1484375,0.7501143316884862
starling,0.01,0.8,0.1,0.9,0.1,0.8,93706.724609375,0.7512126993453954
starling,0.01,0.8,0.1,0.9,0.1,0.9,93750.349609375,0.7511854782261544
starling,0.01,0.8,0.1,0.9,0.14,0.7,95059.611328125,0.7859607511333708
starling,0.01,0.8,0.1,0.9,0.14,0.8,95051.2109375,0.7912935604902684
starling,0.01,0.8,0.1,0.9,0.14,0.9,95798.84375,0.7956926234926358
starling,0.01,0.8,0.1,0.9,0.2,0.7,105928.990234375,0.832818429137116
starling,0.01,0.8,0.1,0.9,0.2,0.8,106088.1953125,0.842158701317475
starling,0.01,0.8,0.1,0.9,0.2,0.9,105279.37109375,0.8329104101293576
starling,0.01,0.8,0.2,0.7,0.1,0.7,109775.365234375,0.8112196595094071
starling,0.01,0.8,0.2,0.7,0.1,0.8,109995.025390625,0.8027673423826542
starling,0.01,0.8,0.2,0.7,0.1,0.9,109505.0703125,0.8076280481423438
starling,0.01,0.8,0.2,0.7,0.14,0.7,107149.607421875,0.8219105312740042
starling,0.01,0.8,0.2,0.7,0.14,0.8,106529.998046875,0.8264318720086903
starling,0.01,0.8,0.2,0.7,0.14,0.9,109423.599609375,0.8220131650302265
starling,0.01,0.8,0.2,0.7,0.2,0.7,114136.279296875,0.8419723967425363
starling,0.01,0.8,0.2,0.7,0.2,0.8,115377.923828125,0.8399521434587118
starling,0.01,0.8,0.2,0.7,0.2,0.9,115220.517578125,0.8473060042123468
starling,0.01,0.8,0.2,0.8,0.1,0.7,108835.673828125,0.8047474412986035
starling,0.01,0.8,0.2,0.8,0.1,0.8,111273.939453125,0.8143899840657058
starling,0.01,0.8,0.2,0.8,0.1,0.9,111324.765625,0.8118332869059648
starling,0.01,0.8,0.2,0.8,0.14,0.7,108155.796875,0.8271703292805436
starling,0.01,0.8,0.2,0.8,0.14,0.8,107402.4140625,0.8145123321544444
starling,0.01,0.8,0.2,0.8,0.14,0.9,110281.41796875,0.8157834270768735
starling,0.01,0.8,0.2,0.8,0.2,0.7,115206.103515625,0.847080062446194
starling,0.01,0.8,0.2,0.8,0.2,0.8,116652.794921875,0.8464500099829508
starling,0.01,0.8,0.2,0.8,0.2,0.9,116170.48828125,0.8397200702684378
starling,0.01,0.8,0.2,0.9,0.1,0.7,109629.84375,0.8014697726301967
starling,0.01,0.8,0.2,0.9,0.1,0.8,110294.33203125,0.8042617535601944
starling,0.01,0.8,0.2,0.9,0.1,0.9,110142.10546875,0.8020740930289644
starling,0.01,0.8,0.2,0.9,0.14,0.7,110435.5703125,0.8379285378886185
starling,0.01,0.8,0.2,0.9,0.14,0.8,110173.76171875,0.8233070587417572
starling,0.01,0.8,0.2,0.9,0.14,0.9,109999.5234375,0.8178052369653426
starling,0.01,0.8,0.2,0.9,0.2,0.7,115015.728515625,0.8414192011676351
starling,0.01,0.8,0.2,0.9,0.2,0.8,116890.703125,0.8450921280460835
starling,0.01,0.8,0.2,0.9,0.2,0.9,115770.25,0.8461635948937251
starling,0.01,0.9,0.05,0.7,0.1,0.7,95356.166015625,0.7955655209479564
starling,0.01,0.9,0.05,0.7,0.1,0.8,95625.970703125,0.7994002602437038
starling,0.01,0.9,0.05,0.7,0.1,0.9,95952.392578125,0.8023679371686012
starling,0.01,0.9,0.05,0.7,0.14,0.7,101610.33984375,0.8150803940410186
starling,0.01,0.9,0.05,0.7,0.14,0.8,101652.3203125,0.8171690225620029
starling,0.01,0.9,0.05,0.7,0.14,0.9,102356.224609375,0.8208892854036014
starling,0.01,0.9,0.05,0.7,0.2,0.7,113732.859375,0.8221300251642903
starling,0.01,0.9,0.05,0.7,0.2,0.8,113904.2265625,0.8189725088462426
starling,0.01,0.9,0.05,0.7,0.2,0.9,115320.37109375,0.8126549475244951
starling,0.01,0.9,0.05,0.8,0.1,0.7,94841.30078125,0.7974387309865212
starling,0.01,0.9,0.05,0.8,0.1,0.8,94828.455078125,0.801694352976119
starling,0.01,0.9,0.05,0.8,0.1,0.9,95142.001953125,0.8045093900075138
starling,0.01,0.9,0.05,0.8,0.14,0.7,101255.599609375,0.8169640953062909
starling,0.01,0.9,0.05,0.8,0.14,0.8,101868.1796875,0.8208288492120466
starling,0.01,0.9,0.05,0.8,0.14,0.9,101962.724609375,0.8228898750751732
starling,0.01,0.9,0.05,0.8,0.2,0.7,113721.62890625,0.8225850111132378
starling,0.01,0.9,0.05,0.8,0.2,0.8,114023.328125,0.819854835587733
starling,0.01,0.9,0.05,0.8,0.2,0.9,115476.537109375,0.8138559933526112
starling,0.01,0.9,0.05,0.9,0.1,0.7,94484.875,0.7998632902537655
starling,0.01,0.9,0.05,0.9,0.1,0.8,94573.21875,0.8025689325617082
starling,0.01,0.9,0.05,0.9,0.1,0.9,94711.759765625,0.8043714480463707
starling,0.01,0.9,0.05,0.9,0.14,0.7,101396.2109375,0.8173681270154634
starling,0.01,0.9,0.05,0.9,0.14,0.8,101616.150390625,0.8213583849931543
starling,0.01,0.9,0.05,0.9,0.14,0.9,102841.083984375,0.8254972230358998
starling,0.01,0.9,0.05,0.9,0.2,0.7,113600.3203125,0.8225176797290725
starling,0.01,0.9,0.05,0.9,0.2,0.8,115104.72265625,0.816978621605289
starling,0.01,0.9,0.05,0.9,0.2,0.9,115745.615234375,0.8128372150481434
starling,0.01,0.9,0.1,0.7,0.1,0.7,93522.16796875,0.7480852478207979
starling,0.01,0.9,0.1,0.7,0.1,0.8,93208.9609375,0.7477466747555908
starling,0.01,0.9,0.1,0.7,0.1,0.9,93009.8046875,0.7477677921499961
starling,0.01,0.9,0.1,0.7,0.14,0.7,93747.841796875,0.7864080721282055
starling,0.01,0.9,0.1,0.7,0.14,0.8,93868.234375,0.788681450684287
starling,0.01,0.9,0.1,0.7,0.14,0.9,93789.306640625,0.7948905550718804
starling,0.01,0.9,0.1,0.7,0.2,0.7,105122.474609375,0.8262414368913492
starling,0.01,0.9,0.1,0.7,0.2,0.8,105270.208984375,0.8325058624391011
starling,0.01,0.9,0.1,0.7,0.2,0.9,105702.982421875,0.8331412083784003
starling,0.01,0.9,0.1,0.8,0.1,0.7,93404.970703125,0.748168735015929
starling,0.01,0.9,0.1,0.8,0.1,0.8,92897.03515625,0.7460052302760414
starling,0.01,0.9,0.1,0.8,0.1,0.9,92726.369140625,0.7469737997164508
starling,0.01,0.9,0.1,0.8,0.14,0.7,93566.017578125,0.7878333818867764
starling,0.01,0.9,0.1,0.8,0.14,0.8,93562.083984375,0.7899280880679702
starling,0.01,0.9,0.1,0.8,0.14,0.9,93739.599609375,0.7940810634947272
starling,0.01,0.9,0.1,0.8,0.2,0.7,104682.0859375,0.835881260997076
starling,0.01,0.9,0.1,0.8,0.2,0.8,105425.142578125,0.8362642439001383
starling,0.01,0.9,0.1,0.8,0.2,0.9,105334.283203125,0.8319382388727723
starling,0.01,0.9,0.1,0.9,0.1,0.7,93291.603515625,0.7463258998226019
starling,0.01,0.9,0.1,0.9,0.1,0.8,92675.5390625,0.7466474035604916
starling,0.01,0.9,0.1,0.9,0.1,0.9,92488.189453125,0.7483170035814444
starling,0.01,0.9,0.1,0.9,0.14,0.7,93547.984375,0.7878883526051773
starling,0.01,0.9,0.1,0.9,0.14,0.8,93424.57421875,0.7909257269850277
starling,0.01,0.9,0.1,0.9,0.14,0.9,94010.5859375,0.7905700762472857
starling,0.01,0.9,0.1,0.9,0.2,0.7,105845.25390625,0.8309444396768231
starling,0.01,0.9,0.1,0.9,0.2,0.8,105073.521484375,0.8359949427759128
starling,0.01,0.9,0.1,0.9,0.2,0.9,105773.974609375,0.8337871859072044
starling,0.01,0.9,0.2,0.7,0.1,0.7,108088.6875,0.8172275206299581
starling,0.01,0.9,0.2,0.7,0.1,0.8,107929.45703125,0.8121181118169367
starling,0.01,0.9,0.2,0.7,0.1,0.9,108587.822265625,0.8140668986530768
starling,0.01,0.9,0.2,0.7,0.14,0.7,107486.224609375,0.8274496729395453
starling,0.01,0.9,0.2,0.7,0.14,0.8,107497.423828125,0.8196898667740597
starling,0.01,0.9,0.2,0.7,0.14,0.9,106585.71484375,0.8222079106693696
starling,0.01,0.9,0.2,0.7,0.2,0.7,115828.099609375,0.8431603752436991
starling,0.01,0.9,0.2,0.7,0.2,0.8,115551.4609375,0.8446890446978477
starling,0.01,0.9,0.2,0.7,0.2,0.9,114922.462890625,0.8452883929838537
starling,0.01,0.9,0.2,0.8,0.1,0.7,109226.662109375,0.8072983832807965
starling,0.01,0.9,0.2,0.8,0.1,0.8,109029.8203125,0.8104087015215798
starling,0.01,0.9,0.2,0.8,0.1,0.9,110876.962890625,0.810634095222256
starling,0.01,0.9,0.2,0.8,0.14,0.7,108409.83984375,0.8302102168866683
starling,0.01,0.9,0.2,0.8,0.14,0.8,107830.77734375,0.8268594479324538
starling,0.01,0.9,0.2,0.8,0.14,0.9,109442.369140625,0.827877513003072
starling,0.01,0.9,0.2,0.8,0.2,0.7,115268.4140625,0.8430406932407265
starling,0.01,0.9,0.2,0.8,0.2,0.8,116025.291015625,0.8441799610863916
starling,0.01,0.9,0.2,0.8,0.2,0.9,116247.16796875,0.8428398806396478
starling,0.01,0.9,0.2,0.9,0.1,0.7,109824.7734375,0.8156212379562854
starling,0.01,0.9,0.2,0.9,0.1,0.8,112020.279296875,0.8013422500281757
starling,0.01,0.9,0.2,0.9,0.1,0.9,112096.583984375,0.8188485475810029
starling,0.01,0.9,0.2,0.9,0.14,0.7,109471.66796875,0.8340114267187559
starling,0.01,0.9,0.2,0.9,0.14,0.8,109662.9375,0.8217922594664557
starling,0.01,0.9,0.2,0.9,0.14,0.9,108636.630859375,0.8253969340298735
starling,0.01,0.9,0.2,0.9,0.2,0.7,115812.07421875,0.8424751852669745
starling,0.01,0.9,0.2,0.9,0.2,0.8,115805.89453125,0.8501816552765655
starling,0.01,0.9,0.2,0.9,0.2,0.9,117195.37109375,0.8457420541039342
starling,0.05,0.7,0.05,0.7,0.1,0.7,98675.029296875,0.554885803584895
starling,0.05,0.7,0.05,0.7,0.1,0.8,98889.16015625,0.5463663885894234
starling,0.05,0.7,0.05,0.7,0.1,0.9,98509.234375,0.5511527982334214
starling,0.05,0.7,0.05,0.7,0.14,0.7,102743.42578125,0.5833166893723354
starling,0.05,0.7,0.05,0.7,0.14,0.8,103614.6328125,0.5822042813110062
starling,0.05,0.7,0.05,0.7,0.14,0.9,103261.171875,0.5839159364308114
starling,0.05,0.7,0.05,0.7,0.2,0.7,106179.185546875,0.6116283659844216
starling,0.05,0.7,0.05,0.7,0.2,0.8,106093.111328125,0.6014149359204
starling,0.05,0.7,0.05,0.7,0.2,0.9,106366.8125,0.5983726062760882
starling,0.05,0.7,0.05,0.8,0.1,0.7,97020.599609375,0.5490742072915776
starling,0.05,0.7,0.05,0.8,0.1,0.8,98149.671875,0.5492579644186746
starling,0.05,0.7,0.05,0.8,0.1,0.9,99613.447265625,0.5429368412230288
starling,0.05,0.7,0.05,0.8,0.14,0.7,102359.05078125,0.5755573093250175
starling,0.05,0.7,0.05,0.8,0.14,0.8,103253.064453125,0.5783157234875889
starling,0.05,0.7,0.05,0.8,0.14,0.9,103621.884765625,0.5795259459572644
starling,0.05,0.7,0.05,0.8,0.2,0.7,105160.640625,0.6075034094829761
starling,0.05,0.7,0.05,0.8,0.2,0.8,106095.837890625,0.6004444338353079
starling,0.05,0.7,0.05,0.8,0.2,0.9,106610.083984375,0.595292360856192
starling,0.05,0.7,0.05,0.9,0.1,0.7,100709.919921875,0.5364454464189923
starling,0.05,0.7,0.05,0.9,0.1,0.8,100461.30859375,0.5369872789502919
starling,0.05,0.7,0.05,0.9,0.1,0.9,99106.841796875,0.5347113209894104
starling,0.05,0.7,0.05,0.9,0.14,0.7,102463.5859375,0.5712763107180194
starling,0.05,0.7,0.05,0.9,0.14,0.8,103023.916015625,0.5804080351625112
starling,0.05,0.7,0.05,0.9,0.14,0.9,103039.2890625,0.582228908571546
starling,0.05,0.7,0.05,0.9,0.2,0.7,104773.6484375,0.6111335960902085
starling,0.05,0.7,0.05,0.9,0.2,0.8,105357.0625,0.6042024265520655
starling,0.05,0.7,0.05,0.9,0.2,0.9,106898.31640625,0.6010727181814752
starling,0.05,0.7,0.1,0.7,0.1,0.7,94658.00390625,0.6748533323390135
starling,0.05,0.7,0.1,0.7,0.1,0.8,95660.576171875,0.6806808804872215
starling,0.05,0.7,0.1,0.7,0.1,0.9,95803.3515625,0.6907191860552357
starling,0.05,0.7,0.1,0.7,0.14,0.7,92161.24609375,0.6602048586167504
starling,0.05,0.7,0.1,0.7,0.14,0.8,90584.318359375,0.6577175832186007
starling,0.05,0.7,0.1,0.7,0.14,0.9,91998.22265625,0.6423789405398608
starling,0.05,0.7,0.1,0.7,0.2,0.7,103365.671875,0.7152787863129123
starling,0.05,0.7,0.1,0.7,0.2,0.8,104829.3046875,0.7082993206689732
starling,0.05,0.7,0.1,0.7,0.2,0.9,105090.958984375,0.7112948524518066
starling,0.05,0.7,0.1,0.8,0.1,0.7,94466.61328125,0.681335806350941
starling,0.05,0.7,0.1,0.8,0.1,0.8,94943.595703125,0.6888100994400104
starling,0.05,0.7,0.1,0.8,0.1,0.9,94880.88671875,0.6910337189712588
starling,0.05,0.7,0.1,0.8,0.14,0.7,93575.708984375,0.6456120477833027
starling,0.05,0.7,0.1,0.8,0.14,0.8,91413.15234375,0.6424458107425929
starling,0.05,0.7,0.1,0.8,0.14,0.9,92318.34375,0.6508647853329885
starling,0.05,0.7,0.1,0.8,0.2,0.7,103416.40234375,0.7159309354660484
starling,0.05,0.7,0.1,0.8,0.2,0.8,104370.189453125,0.7156711684810708
starling,0.05,0.7,0.1,0.8,0.2,0.9,105050.986328125,0.7149253963395437
starling,0.05,0.7,0.1,0.9,0.1,0.7,94316.392578125,0.689234213721198
starling,0.05,0.7,0.1,0.9,0.1,0.8,94515.388671875,0.6915747201976762
starling,0.05,0.7,0.1,0.9,0.1,0.9,94700.810546875,0.6961927396562964
starling,0.05,0.7,0.1,0.9,0.14,0.7,91760.974609375,0.647529699120679
starling,0.05,0.7,0.1,0.9,0.14,0.8,92313.36328125,0.6480838816445778
starling,0.05,0.7,0.1,0.9,0.14,0.9,92426.865234375,0.6456962346357022
starling,0.05,0.7,0.1,0.9,0.2,0.7,103099.455078125,0.7179467329693021
starling,0.05,0.7,0.1,0.9,0.2,0.8,104357.251953125,0.7096099845359338
starling,0.05,0.7,0.1,0.9,0.2,0.9,104373.724609375,0.708989924558703
starling,0.05,0.7,0.2,0.7,0.1,0.7,105577.01171875,0.6571355099120668
starling,0.05,0.7,0.2,0.7,0.1,0.8,106993.06640625,0.647115983378669
starling,0.05,0.7,0.2,0.7,0.1,0.9,106976.35546875,0.6582144233657312
starling,0.05,0.7,0.2,0.7,0.14,0.7,109703.4375,0.6909079731308332
starling,0.05,0.7,0.2,0.7,0.14,0.8,110161.83984375,0.6896819924189279
starling,0.05,0.7,0.2,0.7,0.14,0.9,109135.349609375,0.7252966335080167
starling,0.05,0.7,0.2,0.7,0.2,0.7,105172.712890625,0.7448297639401986
starling,0.05,0.7,0.2,0.7,0.2,0.8,104836.873046875,0.7493909381684232
starling,0.05,0.7,0.2,0.7,0.2,0.9,107554.44140625,0.7414993358125435
starling,0.05,0.7,0.2,0.8,0.1,0.7,106064.990234375,0.6518828561952497
starling,0.05,0.7,0.2,0.8,0.1,0.8,107521.5703125,0.650438505376463
starling,0.05,0.7,0.2,0.8,0.1,0.9,109122.271484375,0.6479582561092481
starling,0.05,0.7,0.2,0.8,0.14,0.7,109359.18359375,0.6966852561279404
starling,0.05,0.7,0.2,0.8,0.14,0.8,109888.857421875,0.7114766229729881
starling,0.05,0.7,0.2,0.8,0.14,0.9,111020.15234375,0.7026703548851785
starling,0.05,0.7,0.2,0.8,0.2,0.7,108117.40234375,0.7506866859706147
starling,0.05,0.7,0.2,0.8,0.2,0.8,109840.498046875,0.7419339443660858
starling,0.05,0.7,0.2,0.8,0.2,0.9,107818.2109375,0.7384055723608042
starling,0.05,0.7,0.2,0.9,0.1,0.7,109365.23828125,0.6475619223774823
starling,0.05,0.7,0.2,0.9,0.1,0.8,110412.830078125,0.6491884170961673
starling,0.05,0.7,0.2,0.9,0.1,0.9,111106.15234375,0.6506619651361211
starling,0.05,0.7,0.2,0.9,0.14,0.7,110773.384765625,0.7023521444753762
starling,0.05,0.7,0.2,0.9,0.14,0.8,111735.3828125,0.7061561734030777
starling,0.05,0.7,0.2,0.9,0.14,0.9,107744.462890625,0.7266709073537259
starling,0.05,0.7,0.2,0.9,0.2,0.7,108438.48046875,0.7427134266691647
starling,0.05,0.7,0.2,0.9,0.2,0.8,108242.005859375,0.7489847261379894
starling,0.05,0.7,0.2,0.9,0.2,0.9,109588.275390625,0.7255906816915196
starling,0.05,0.8,0.05,0.7,0.1,0.7,98875.10546875,0.5530431347471161
starling,0.05,0.8,0.05,0.7,0.1,0.8,97915.904296875,0.5554013147386965
starling,0.05,0.8,0.05,0.7,0.1,0.9,100021.126953125,0.549069786218142
starling,0.05,0.8,0.05,0.7,0.14,0.7,103409.607421875,0.5773309223356087
starling,0.05,0.8,0.05,0.7,0.14,0.8,103367.884765625,0.5798249438915368
starling,0.05,0.8,0.05,0.7,0.14,0.9,103909.419921875,0.579612009117821
starling,0.05,0.8,0.05,0.7,0.2,0.7,105796.060546875,0.6155305783320781
starling,0.05,0.8,0.05,0.7,0.2,0.8,105569.845703125,0.6051564245373797
starling,0.05,0.8,0.05,0.7,0.2,0.9,106264.47265625,0.6015068195194126
starling,0.05,0.8,0.05,0.8,0.1,0.7,98474.7578125,0.5490032330206542
starling,0.05,0.8,0.05,0.8,0.1,0.8,98345.53515625,0.5545957689807637
starling,0.05,0.8,0.05,0.8,0.1,0.9,100643.28125,0.551628331370232
starling,0.05,0.8,0.05,0.8,0.14,0.7,103906.4765625,0.5735380036944853
starling,0.05,0.8,0.05,0.8,0.14,0.8,102780.181640625,0.5735791577462939
starling,0.05,0.8,0.05,0.8,0.14,0.9,104280.771484375,0.5769131831049777
starling,0.05,0.8,0.05,0.8,0.2,0.7,104991.392578125,0.6148853081947656
starling,0.05,0.8,0.05,0.8,0.2,0.8,105831.369140625,0.614588553253518
starling,0.05,0.8,0.05,0.8,0.2,0.9,106591.47265625,0.6016946290935572
starling,0.05,0.8,0.05,0.9,0.1,0.7,97547.599609375,0.5540193972990456
starling,0.05,0.8,0.05,0.9,0.1,0.8,98739.2578125,0.5534845716570066
starling,0.05,0.8,0.05,0.9,0.1,0.9,100541.77734375,0.5537526183383767
starling,0.05,0.8,0.05,0.9,0.14,0.7,102582.1484375,0.5709982655093344
starling,0.05,0.8,0.05,0.9,0.14,0.8,102431.333984375,0.5708410279832146
starling,0.05,0.8,0.05,0.9,0.14,0.9,103093.6484375,0.5770874816286122
starling,0.05,0.8,0.05,0.9,0.2,0.7,103025.419921875,0.6142266149908169
starling,0.05,0.8,0.05,0.9,0.2,0.8,103926.3984375,0.6196048560998793
starling,0.05,0.8,0.05,0.9,0.2,0.9,104693.412109375,0.6097216726225316
starling,0.05,0.8,0.1,0.7,0.1,0.7,94959.9765625,0.6888985590076291
starling,0.05,0.8,0.1,0.7,0.1,0.8,95948.04296875,0.6804083998903796
starling,0.05,0.8,0.1,0.7,0.1,0.9,96569.27734375,0.6912761929261068
starling,0.05,0.8,0.1,0.7,0.14,0.7,94052.705078125,0.66246511402384
starling,0.05,0.8,0.1,0.7,0.14,0.8,93722.42578125,0.6634173199062317
starling,0.05,0.8,0.1,0.7,0.14,0.9,93241.423828125,0.6527226727102445
starling,0.05,0.8,0.1,0.7,0.2,0.7,103354.494140625,0.7211869199494418
starling,0.05,0.8,0.1,0.7,0.2,0.8,104440.49609375,0.7168801147044261
starling,0.05,0.8,0.1,0.7,0.2,0.9,104706.619140625,0.7163430597543324
starling,0.05,0.8,0.1,0.8,0.1,0.7,95425.935546875,0.6827202868979553
starling,0.05,0.8,0.1,0.8,0.1,0.8,95684.671875,0.6849831195004257
starling,0.05,0.8,0.1,0.8,0.1,0.9,94600.669921875,0.6844139496325092
starling,0.05,0.8,0.1,0.8,0.14,0.7,92497.935546875,0.6638260866743402
starling,0.05,0.8,0.1,0.8,0.14,0.8,93189.173828125,0.6586783115551627
starling,0.05,0.8,0.1,0.8,0.14,0.9,93064.3046875,0.656305893686149
starling,0.05,0.8,0.1,0.8,0.2,0.7,102440.1484375,0.7145135457115901
starling,0.05,0.8,0.1,0.8,0.2,0.8,104049.7734375,0.7207013780837987
starling,0.05,0.8,0.1,0.8,0.2,0.9,104656.4921875,0.7205843021750498
starling,0.05,0.8,0.1,0.9,0.1,0.7,95810.62890625,0.6883573567178284
starling,0.05,0.8,0.1,0.9,0.1,0.8,96578.052734375,0.6875757190201782
starling,0.05,0.8,0.1,0.9,0.1,0.9,96116.529296875,0.689309432163618
starling,0.05,0.8,0.1,0.9,0.14,0.7,93428.482421875,0.6568602060014832
starling,0.05,0.8,0.1,0.9,0.14,0.8,94009.208984375,0.6753724856804806
starling,0.05,0.8,0.1,0.9,0.14,0.9,95188.8671875,0.6619651572138625
starling,0.05,0.8,0.1,0.9,0.2,0.7,102943.43359375,0.7158078239524781
starling,0.05,0.8,0.1,0.9,0.2,0.8,104034.41015625,0.7188486560548857
starling,0.05,0.8,0.1,0.9,0.2,0.9,104424.759765625,0.7246171451510779
starling,0.05,0.8,0.2,0.7,0.1,0.7,106201.02734375,0.6458702278561652
starling,0.05,0.8,0.2,0.7,0.1,0.8,106751.806640625,0.6430507391226195
starling,0.05,0.8,0.2,0.7,0.1,0.9,105606.927734375,0.6385214220098998
starling,0.05,0.8,0.2,0.7,0.14,0.7,109909.224609375,0.6759201637005549
starling,0.05,0.8,0.2,0.7,0.14,0.8,109938.53125,0.6822548615722435
starling,0.05,0.8,0.2,0.7,0.14,0.9,108724.625,0.7058614323560222
starling,0.05,0.8,0.2,0.7,0.2,0.7,109230.3515625,0.716980546850233
starling,0.05,0.8,0.2,0.7,0.2,0.8,108339.4921875,0.722220486238518
starling,0.05,0.8,0.2,0.7,0.2,0.9,109410.166015625,0.7159244663138266
starling,0.05,0.8,0.2,0.8,0.1,0.7,106846.2421875,0.6445556691862736
starling,0.05,0.8,0.2,0.8,0.1,0.8,110348.357421875,0.637262966114899
starling,0.05,0.8,0.2,0.8,0.1,0.9,107651.2734375,0.6380723095937681
starling,0.05,0.8,0.2,0.8,0.14,0.7,110447.15625,0.685796507757197
starling,0.05,0.8,0.2,0.8,0.14,0.8,109737.283203125,0.7008547499493953
starling,0.05,0.8,0.2,0.8,0.14,0.9,111072.5,0.6983474086666859
starling,0.05,0.8,0.2,0.8,0.2,0.7,109226.3828125,0.7214642547989651
starling,0.05,0.8,0.2,0.8,0.2,0.8,109459.767578125,0.7169039710175217
starling,0.05,0.8,0.2,0.8,0.2,0.9,108314.9765625,0.7172265318913542
starling,0.05,0.8,0.2,0.9,0.1,0.7,108900.173828125,0.6678381727643722
starling,0.05,0.8,0.2,0.9,0.1,0.8,110575.357421875,0.6607834718640775
starling,0.05,0.8,0.2,0.9,0.1,0.9,110652.1171875,0.6588848360859125
starling,0.05,0.8,0.2,0.9,0.14,0.7,112390.373046875,0.673812585531884
starling,0.05,0.8,0.2,0.9,0.14,0.8,112783.3515625,0.6965323528975317
starling,0.05,0.8,0.2,0.9,0.14,0.9,110551.18359375,0.7148023288135867
starling,0.05,0.8,0.2,0.9,0.2,0.7,109536.421875,0.718077025798858
starling,0.05,0.8,0.2,0.9,0.2,0.8,109543.58203125,0.7302891612665088
starling,0.05,0.8,0.2,0.9,0.2,0.9,109400.689453125,0.7272099552837152
starling,0.05,0.9,0.05,0.7,0.1,0.7,98406.515625,0.5378858343428792
starling,0.05,0.9,0.05,0.7,0.1,0.8,99384.86328125,0.5343393036302351
starling,0.05,0.9,0.05,0.7,0.1,0.9,102425.9375,0.5308393118888468
starling,0.05,0.9,0.05,0.7,0.14,0.7,102913.775390625,0.5603389568822386
starling,0.05,0.9,0.05,0.7,0.14,0.8,103114.755859375,0.5666269418826289
starling,0.05,0.9,0.05,0.7,0.14,0.9,103937.19140625,0.5658961517652578
starling,0.05,0.9,0.05,0.7,0.2,0.7,106220.96484375,0.6106613077257697
starling,0.05,0.9,0.05,0.7,0.2,0.8,105891.75,0.6046569789631779
starling,0.05,0.9,0.05,0.7,0.2,0.9,107457.7734375,0.5965483773831721
starling,0.05,0.9,0.05,0.8,0.1,0.7,97259.421875,0.5451920064738922
starling,0.05,0.9,0.05,0.8,0.1,0.8,98365.548828125,0.5452195244127964
starling,0.05,0.9,0.05,0.8,0.1,0.9,99718.30859375,0.5403374994774884
starling,0.05,0.9,0.05,0.8,0.14,0.7,102601.673828125,0.5591900777440368
starling,0.05,0.9,0.05,0.8,0.14,0.8,102831.318359375,0.5584665074403452
starling,0.05,0.9,0.05,0.8,0.14,0.9,102871.123046875,0.5670865867181005
starling,0.05,0.9,0.05,0.8,0.2,0.7,103617.740234375,0.5983999928299893
starling,0.05,0.9,0.05,0.8,0.2,0.8,103647.224609375,0.6004687629095458
starling,0.05,0.9,0.05,0.8,0.2,0.9,107156.869140625,0.5992324556745605
starling,0.05,0.9,0.05,0.9,0.1,0.7,96495.77734375,0.5409625682352918
starling,0.05,0.9,0.05,0.9,0.1,0.8,99248.140625,0.5432824897775176
starling,0.05,0.9,0.05,0.9,0.1,0.9,99708.640625,0.5448285937221786
starling,0.05,0.9,0.05,0.9,0.14,0.7,101066.3359375,0.5574932257479994
starling,0.05,0.9,0.05,0.9,0.14,0.8,104049.046875,0.560842922282573
starling,0.05,0.9,0.05,0.9,0.14,0.9,104062.751953125,0.5693146804663636
starling,0.05,0.9,0.05,0.9,0.2,0.7,103035.74609375,0.594954472125825
starling,0.05,0.9,0.05,0.9,0.2,0.8,103846.611328125,0.5968935588805433
starling,0.05,0.9,0.05,0.9,0.2,0.9,103603.037109375,0.6100915940964808
starling,0.05,0.9,0.1,0.7,0.1,0.7,95603.451171875,0.6846627541765418
starling,0.05,0.9,0.1,0.7,0.1,0.8,95780.61328125,0.6919353262437635
starling,0.05,0.9,0.1,0.7,0.1,0.9,96797.150390625,0.6868174298589975
starling,0.05,0.9,0.1,0.7,0.14,0.7,91872.44140625,0.6557717694353463
starling,0.05,0.9,0.1,0.7,0.14,0.8,92095.416015625,0.658414633823499
starling,0.05,0.9,0.1,0.7,0.14,0.9,93717.12890625,0.6533149022857698
starling,0.05,0.9,0.1,0.7,0.2,0.7,98419.06640625,0.7872645995936882
starling,0.05,0.9,0.1,0.7,0.2,0.8,100345.953125,0.7914009700078608
starling,0.05,0.9,0.1,0.7,0.2,0.9,102675.685546875,0.7918757251263395
starling,0.05,0.9,0.1,0.8,0.1,0.7,97096.16796875,0.6865617262462972
starling,0.05,0.9,0.1,0.8,0.1,0.8,96190.849609375,0.6902525070979112
starling,0.05,0.9,0.1,0.8,0.1,0.9,96742.140625,0.6853141508685802
starling,0.05,0.9,0.1,0.8,0.14,0.7,94869.650390625,0.6594456781438343
starling,0.05,0.9,0.1,0.8,0.14,0.8,93894.634765625,0.6662943386426241
starling,0.05,0.9,0.1,0.8,0.14,0.9,97115.55859375,0.659334757997657
starling,0.05,0.9,0.1,0.8,0.2,0.7,101084.13671875,0.7920561243427973
starling,0.05,0.9,0.1,0.8,0.2,0.8,100120.41796875,0.7985871487288783
starling,0.05,0.9,0.1,0.8,0.2,0.9,101825.474609375,0.7949746654293575
starling,0.05,0.9,0.1,0.9,0.1,0.7,97120.806640625,0.6829068413932827
starling,0.05,0.9,0.1,0.9,0.1,0.8,97618.705078125,0.6887266458691709
starling,0.05,0.9,0.1,0.9,0.1,0.9,96771.208984375,0.6924485957827813
starling,0.05,0.9,0.1,0.9,0.14,0.7,94392.455078125,0.6741140648455463
starling,0.05,0.9,0.1,0.9,0.14,0.8,96201.287109375,0.670858342795545
starling,0.05,0.9,0.1,0.9,0.14,0.9,94707.66015625,0.6661316487421379
starling,0.05,0.9,0.1,0.9,0.2,0.7,99079.1015625,0.8007177847579324
starling,0.05,0.9,0.1,0.9,0.2,0.8,99689.99609375,0.7970368728152256
starling,0.05,0.9,0.1,0.9,0.2,0.9,101984.11328125,0.7905818406104691
starling,0.05,0.9,0.2,0.7,0.1,0.7,105803.693359375,0.6646293364272899
starling,0.05,0.9,0.2,0.7,0.1,0.8,108491.529296875,0.6534660271815229
starling,0.05,0.9,0.2,0.7,0.1,0.9,108500.625,0.6500423158388552
starling,0.05,0.9,0.2,0.7,0.14,0.7,109411.244140625,0.6760537260349895
starling,0.05,0.9,0.2,0.7,0.14,0.8,106844.486328125,0.6845871428310382
starling,0.05,0.9,0.2,0.7,0.14,0.9,108653.654296875,0.6959702906552676
starling,0.05,0.9,0.2,0.7,0.2,0.7,106283.560546875,0.7225821859491985
starling,0.05,0.9,0.2,0.7,0.2,0.8,111385.69921875,0.7009123191434166
starling,0.05,0.9,0.2,0.7,0.2,0.9,108217.20703125,0.7047920250211606
starling,0.05,0.9,0.2,0.8,0.1,0.7,111371.265625,0.6550131683060096
starling,0.05,0.9,0.2,0.8,0.1,0.8,112018.23828125,0.662938651070822
starling,0.05,0.9,0.2,0.8,0.1,0.9,111938.96484375,0.6478922352859959
starling,0.05,0.9,0.2,0.8,0.14,0.7,110283.02734375,0.6848135729488918
starling,0.05,0.9,0.2,0.8,0.14,0.8,109935.693359375,0.6883180956383348
starling,0.05,0.9,0.2,0.8,0.14,0.9,111157.15625,0.6956544756769589
starling,0.05,0.9,0.2,0.8,0.2,0.7,106484.36328125,0.7263802261804939
starling,0.05,0.9,0.2,0.8,0.2,0.8,108642.189453125,0.7046819079768961
starling,0.05,0.9,0.2,0.8,0.2,0.9,111073.40234375,0.7109777535935503
starling,0.05,0.9,0.2,0.9,0.1,0.7,110360.591796875,0.6584395962194254
starling,0.05,0.9,0.2,0.9,0.1,0.8,108949.482421875,0.6409131361739937
starling,0.05,0.9,0.2,0.9,0.1,0.9,108524.1328125,0.6453130905818767
starling,0.05,0.9,0.2,0.9,0.14,0.7,110659.205078125,0.677594292241237
starling,0.05,0.9,0.2,0.9,0.14,0.8,114266.728515625,0.6662004333424676
starling,0.05,0.9,0.2,0.9,0.14,0.9,110475.904296875,0.6781555958527566
starling,0.05,0.9,0.2,0.9,0.2,0.7,109960.669921875,0.7264886980997474
starling,0.05,0.9,0.2,0.9,0.2,0.8,115308.279296875,0.7366844106675965
starling,0.05,0.9,0.2,0.9,0.2,0.9,108775.146484375,0.7104143469187771
starling,0.1,0.7,0.05,0.7,0.1,0.7,105749.396484375,0.6314375089839372
starling,0.1,0.7,0.05,0.7,0.1,0.8,106157.978515625,0.6317154053875573
starling,0.1,0.7,0.05,0.7,0.1,0.9,107028.763671875,0.6344604809802701
starling,0.1,0.7,0.05,0.7,0.14,0.7,100418.41015625,0.4942108846217472
starling,0.1,0.7,0.05,0.7,0.14,0.8,102427.998046875,0.4968608122735195
starling,0.1,0.7,0.05,0.7,0.14,0.9,101623.013671875,0.5234523336268342
starling,0.1,0.7,0.05,0.7,0.2,0.7,108360.388671875,0.5741980277897536
starling,0.1,0.7,0.05,0.7,0.2,0.8,107959.765625,0.5817906991477815
starling,0.1,0.7,0.05,0.7,0.2,0.9,109486.712890625,0.5805036454710857
starling,0.1,0.7,0.05,0.8,0.1,0.7,104779.326171875,0.6355767136737678
starling,0.1,0.7,0.05,0.8,0.1,0.8,108481.412109375,0.6383808076846795
starling,0.1,0.7,0.05,0.8,0.1,0.9,107875.81640625,0.6212001347447755
starling,0.1,0.7,0.05,0.8,0.14,0.7,101893.41796875,0.49731387967505725
starling,0.1,0.7,0.05,0.8,0.14,0.8,99678.79296875,0.4828050446467881
starling,0.1,0.7,0.05,0.8,0.14,0.9,102247.689453125,0.5145158495603717
starling,0.1,0.7,0.05,0.8,0.2,0.7,108178.94921875,0.5746625500936376
starling,0.1,0.7,0.05,0.8,0.2,0.8,107483.30859375,0.5776418633941995
starling,0.1,0.7,0.05,0.8,0.2,0.9,108641.494140625,0.5741680771046574
starling,0.1,0.7,0.05,0.9,0.1,0.7,106938.857421875,0.6280745991696094
starling,0.1,0.7,0.05,0.9,0.1,0.8,105963.064453125,0.6266629093107854
starling,0.1,0.7,0.05,0.9,0.1,0.9,107836.578125,0.6130314152520033
starling,0.1,0.7,0.05,0.9,0.14,0.7,100204.296875,0.5045892705982127
starling,0.1,0.7,0.05,0.9,0.14,0.8,100948.0,0.49009795884657414
starling,0.1,0.7,0.05,0.9,0.14,0.9,101581.33203125,0.48347700055530946
starling,0.1,0.7,0.05,0.9,0.2,0.7,109047.8671875,0.5630077481997369
starling,0.1,0.7,0.05,0.9,0.2,0.8,110850.271484375,0.5648344670390224
starling,0.1,0.7,0.05,0.9,0.2,0.9,107175.55078125,0.5754344348920413
starling,0.1,0.7,0.1,0.7,0.1,0.7,102705.41796875,0.5825147523734611
starling,0.1,0.7,0.1,0.7,0.1,0.8,105365.69140625,0.5812652056250659
starling,0.1,0.7,0.1,0.7,0.1,0.9,104594.642578125,0.5700350225300506
starling,0.1,0.7,0.1,0.7,0.14,0.7,102841.693359375,0.6354993849204758
starling,0.1,0.7,0.1,0.7,0.14,0.8,104767.24609375,0.665353876877971
starling,0.1,0.7,0.1,0.7,0.14,0.9,106325.99609375,0.6712501055157439
starling,0.1,0.7,0.1,0.7,0.2,0.7,117246.287109375,0.6219222364584849
starling,0.1,0.7,0.1,0.7,0.2,0.8,116376.65234375,0.6353455448193706
starling,0.1,0.7,0.1,0.7,0.2,0.9,119420.896484375,0.6098234958091644
starling,0.1,0.7,0.1,0.8,0.1,0.7,104531.7890625,0.568172214858677
starling,0.1,0.7,0.1,0.8,0.1,0.8,106154.6875,0.5428468474579615
starling,0.1,0.7,0.1,0.8,0.1,0.9,106125.8671875,0.5385952982911838
starling,0.1,0.7,0.1,0.8,0.14,0.7,103762.0234375,0.6119096282183398
starling,0.1,0.7,0.1,0.8,0.14,0.8,104958.177734375,0.6343791173890675
starling,0.1,0.7,0.1,0.8,0.14,0.9,104616.021484375,0.6484227425385829
starling,0.1,0.7,0.1,0.8,0.2,0.7,115997.0,0.6335774670633874
starling,0.1,0.7,0.1,0.8,0.2,0.8,118010.1875,0.6334786596596205
starling,0.1,0.7,0.1,0.8,0.2,0.9,117773.154296875,0.6244003183302824
starling,0.1,0.7,0.1,0.9,0.1,0.7,105101.650390625,0.5313402634658326
starling,0.1,0.7,0.1,0.9,0.1,0.8,103646.951171875,0.5251034507179757
starling,0.1,0.7,0.1,0.9,0.1,0.9,102629.5390625,0.5212524657839949
starling,0.1,0.7,0.1,0.9,0.14,0.7,104622.287109375,0.6358602054287531
starling,0.1,0.7,0.1,0.9,0.14,0.8,109059.345703125,0.6420817022253744
starling,0.1,0.7,0.1,0.9,0.14,0.9,106029.609375,0.6324391990608526
starling,0.1,0.7,0.1,0.9,0.2,0.7,118707.576171875,0.6351875145056762
starling,0.1,0.7,0.1,0.9,0.2,0.8,116982.46484375,0.6260903019710521
starling,0.1,0.7,0.1,0.9,0.2,0.9,119772.283203125,0.6231052434521669
starling,0.1,0.7,0.2,0.7,0.1,0.7,107629.73828125,0.6637025990540351
starling,0.1,0.7,0.2,0.7,0.1,0.8,109185.7578125,0.6718607286849723
starling,0.1,0.7,0.2,0.7,0.1,0.9,106830.369140625,0.700418576740024
starling,0.1,0.7,0.2,0.7,0.14,0.7,115025.056640625,0.6693187678059862
starling,0.1,0.7,0.2,0.7,0.14,0.8,116320.7109375,0.7029734382244325
starling,0.1,0.7,0.2,0.7,0.14,0.9,119402.720703125,0.6900264882656131
starling,0.1,0.7,0.2,0.7,0.2,0.7,122490.51171875,0.723695429276908
starling,0.1,0.7,0.2,0.7,0.2,0.8,121207.974609375,0.7203540492144691
starling,0.1,0.7,0.2,0.7,0.2,0.9,120319.033203125,0.7305438360120491
starling,0.1,0.7,0.2,0.8,0.1,0.7,111409.61328125,0.669459680711654
starling,0.1,0.7,0.2,0.8,0.1,0.8,111931.380859375,0.668094784937958
starling,0.1,0.7,0.2,0.8,0.1,0.9,108030.142578125,0.6756319485959957
starling,0.1,0.7,0.2,0.8,0.14,0.7,121678.65625,0.645678070779683
starling,0.1,0.7,0.2,0.8,0.14,0.8,119337.91015625,0.6460305113316211
starling,0.1,0.7,0.2,0.8,0.14,0.9,117987.47265625,0.6907767878466976
starling,0.1,0.7,0.2,0.8,0.2,0.7,121184.43359375,0.7310406513689676
starling,0.1,0.7,0.2,0.8,0.2,0.8,122205.8671875,0.7218098542545563
starling,0.1,0.7,0.2,0.8,0.2,0.9,121006.962890625,0.7234221037270423
starling,0.1,0.7,0.2,0.9,0.1,0.7,112033.998046875,0.6898590369264721
starling,0.1,0.7,0.2,0.9,0.1,0.8,111265.6953125,0.6678602149109106
starling,0.1,0.7,0.2,0.9,0.1,0.9,117187.65234375,0.6856187752842997
starling,0.1,0.7,0.2,0.9,0.14,0.7,122669.54296875,0.6462311239675401
starling,0.1,0.7,0.2,0.9,0.14,0.8,119315.60546875,0.6327397828832059
starling,0.1,0.7,0.2,0.9,0.14,0.9,119743.76953125,0.6182542782338708
starling,0.1,0.7,0.2,0.9,0.2,0.7,119580.873046875,0.7574560718936192
starling,0.1,0.7,0.2,0.9,0.2,0.8,126525.216796875,0.7364409682148366
starling,0.1,0.7,0.2,0.9,0.2,0.9,121641.408203125,0.7293700945510022
starling,0.1,0.8,0.05,0.7,0.1,0.7,104348.60546875,0.6150454424723162
starling,0.1,0.8,0.05,0.7,0.1,0.8,105270.962890625,0.6148386257307911
starling,0.1,0.8,0.05,0.7,0.1,0.9,107153.55078125,0.6112030921651628
starling,0.1,0.8,0.05,0.7,0.14,0.7,103093.619140625,0.4991867566030803
starling,0.1,0.8,0.05,0.7,0.14,0.8,103555.404296875,0.49296055587461163
starling,0.1,0.8,0.05,0.7,0.14,0.9,106562.9453125,0.5194350617413064
starling,0.1,0.8,0.05,0.7,0.2,0.7,109521.1484375,0.5758969239451879
starling,0.1,0.8,0.05,0.7,0.2,0.8,111957.89453125,0.5782488019298968
starling,0.1,0.8,0.05,0.7,0.2,0.9,114200.73046875,0.5728386174117188
starling,0.1,0.8,0.05,0.8,0.1,0.7,105064.89453125,0.6130110841371188
starling,0.1,0.8,0.05,0.8,0.1,0.8,108185.298828125,0.6115478352972014
starling,0.1,0.8,0.05,0.8,0.1,0.9,108072.833984375,0.6072445333089527
starling,0.1,0.8,0.05,0.8,0.14,0.7,103976.333984375,0.4866499822457666
starling,0.1,0.8,0.05,0.8,0.14,0.8,102600.00390625,0.4769092703864265
starling,0.1,0.8,0.05,0.8,0.14,0.9,103208.0,0.47690955144762937
starling,0.1,0.8,0.05,0.8,0.2,0.7,111861.236328125,0.5741501713167754
starling,0.1,0.8,0.05,0.8,0.2,0.8,111904.701171875,0.5653341178993863
starling,0.1,0.8,0.05,0.8,0.2,0.9,114203.78515625,0.5694919291791976
starling,0.1,0.8,0.05,0.9,0.1,0.7,105639.25390625,0.6177020368479855
starling,0.1,0.8,0.05,0.9,0.1,0.8,107368.53515625,0.6114225466683332
starling,0.1,0.8,0.05,0.9,0.1,0.9,111749.765625,0.6197325149407558
starling,0.1,0.8,0.05,0.9,0.14,0.7,104326.841796875,0.4841887632360201
starling,0.1,0.8,0.05,0.9,0.14,0.8,106835.216796875,0.4876442368692492
starling,0.1,0.8,0.05,0.9,0.14,0.9,103061.994140625,0.483949236469271
starling,0.1,0.8,0.05,0.9,0.2,0.7,108838.587890625,0.5885576217914966
starling,0.1,0.8,0.05,0.9,0.2,0.8,113133.421875,0.5787012054838904
starling,0.1,0.8,0.05,0.9,0.2,0.9,109811.16015625,0.5709669475473538
starling,0.1,0.8,0.1,0.7,0.1,0.7,106621.298828125,0.5877641460468495
starling,0.1,0.8,0.1,0.7,0.1,0.8,106958.689453125,0.5882322182488618
starling,0.1,0.8,0.1,0.7,0.1,0.9,107922.953125,0.5840435930000246
starling,0.1,0.8,0.1,0.7,0.14,0.7,107787.529296875,0.6411274904453585
starling,0.1,0.8,0.1,0.7,0.14,0.8,108924.138671875,0.6204567276155881
starling,0.1,0.8,0.1,0.7,0.14,0.9,107552.076171875,0.6732702972079698
starling,0.1,0.8,0.1,0.7,0.2,0.7,120895.091796875,0.6431488135176895
starling,0.1,0.8,0.1,0.7,0.2,0.8,119275.416015625,0.6437538862846264
starling,0.1,0.8,0.1,0.7,0.2,0.9,123116.1328125,0.6476089633067978
starling,0.1,0.8,0.1,0.8,0.1,0.7,104355.935546875,0.5819271107255464
starling,0.1,0.8,0.1,0.8,0.1,0.8,108449.357421875,0.5808462426233978
starling,0.1,0.8,0.1,0.8,0.1,0.9,108146.16796875,0.586578699298683
starling,0.1,0.8,0.1,0.8,0.14,0.7,107346.978515625,0.6762656699602851
starling,0.1,0.8,0.1,0.8,0.14,0.8,107879.203125,0.6744301385992081
starling,0.1,0.8,0.1,0.8,0.14,0.9,108570.888671875,0.6782322024489851
starling,0.1,0.8,0.1,0.8,0.2,0.7,117005.330078125,0.6163390582403399
starling,0.1,0.8,0.1,0.8,0.2,0.8,122114.306640625,0.6424278623591647
starling,0.1,0.8,0.1,0.8,0.2,0.9,122172.81640625,0.6536822555464572
starling,0.1,0.8,0.1,0.9,0.1,0.7,103688.158203125,0.6020870162990926
starling,0.1,0.8,0.1,0.9,0.1,0.8,107284.685546875,0.5585941291098344
starling,0.1,0.8,0.1,0.9,0.1,0.9,111552.8046875,0.5592574188663191
starling,0.1,0.8,0.1,0.9,0.14,0.7,106866.203125,0.6691211002653764
starling,0.1,0.8,0.1,0.9,0.14,0.8,109271.0,0.6761493992163354
starling,0.1,0.8,0.1,0.9,0.14,0.9,106203.923828125,0.6766776341758238
starling,0.1,0.8,0.1,0.9,0.2,0.7,121011.103515625,0.6398014081673851
starling,0.1,0.8,0.1,0.9,0.2,0.8,119341.796875,0.6519754038774357
starling,0.1,0.8,0.1,0.9,0.2,0.9,119514.984375,0.6290152736528928
starling,0.1,0.8,0.2,0.7,0.1,0.7,110265.591796875,0.6943280594466585
starling,0.1,0.8,0.2,0.7,0.1,0.8,112490.84375,0.6977081246482644
starling,0.1,0.8,0.2,0.7,0.1,0.9,116714.212890625,0.720229019750396
starling,0.1,0.8,0.2,0.7,0.14,0.7,115801.345703125,0.6521532661977827
starling,0.1,0.8,0.2,0.7,0.14,0.8,119573.326171875,0.6754601309557888
starling,0.1,0.8,0.2,0.7,0.14,0.9,120466.501953125,0.6676266449903819
starling,0.1,0.8,0.2,0.7,0.2,0.7,122045.119140625,0.705525090264252
starling,0.1,0.8,0.2,0.7,0.2,0.8,121190.916015625,0.708889117848438
starling,0.1,0.8,0.2,0.7,0.2,0.9,125024.693359375,0.7363273570255472
starling,0.1,0.8,0.2,0.8,0.1,0.7,120032.46484375,0.6745527465071575
starling,0.1,0.8,0.2,0.8,0.1,0.8,118817.11328125,0.6658329598572799
starling,0.1,0.8,0.2,0.8,0.1,0.9,115543.638671875,0.7061375317778689
starling,0.1,0.8,0.2,0.8,0.14,0.7,126797.6171875,0.6629542541659137
starling,0.1,0.8,0.2,0.8,0.14,0.8,122959.232421875,0.6381704474006533
starling,0.1,0.8,0.2,0.8,0.14,0.9,123128.384765625,0.6799655643106554
starling,0.1,0.8,0.2,0.8,0.2,0.7,122698.029296875,0.7161432260195141
starling,0.1,0.8,0.2,0.8,0.2,0.8,124486.599609375,0.7284161529262707
starling,0.1,0.8,0.2,0.8,0.2,0.9,121143.75,0.7444274505700472
starling,0.1,0.8,0.2,0.9,0.1,0.7,118511.0078125,0.6823581049262933
starling,0.1,0.8,0.2,0.9,0.1,0.8,122467.541015625,0.6743566773108518
starling,0.1,0.8,0.2,0.9,0.1,0.9,119144.79296875,0.691180311113773
starling,0.1,0.8,0.2,0.9,0.14,0.7,128859.60546875,0.6631682252891424
starling,0.1,0.8,0.2,0.9,0.14,0.8,119691.53515625,0.6355330429012673
starling,0.1,0.8,0.2,0.9,0.14,0.9,120965.5234375,0.6499090647878489
starling,0.1,0.8,0.2,0.9,0.2,0.7,123685.537109375,0.7231868146995785
starling,0.1,0.8,0.2,0.9,0.2,0.8,120744.322265625,0.7353053627498496
starling,0.1,0.8,0.2,0.9,0.2,0.9,120946.94921875,0.7504854821420428
starling,0.1,0.9,0.05,0.7,0.1,0.7,107960.63671875,0.5992375201276327
starling,0.1,0.9,0.05,0.7,0.1,0.8,107544.568359375,0.6116112490332526
starling,0.1,0.9,0.05,0.7,0.1,0.9,110581.24609375,0.608780056990659
starling,0.1,0.9,0.05,0.7,0.14,0.7,106436.15234375,0.5078175583950011
starling,0.1,0.9,0.05,0.7,0.14,0.8,106153.8515625,0.49365384157115266
starling,0.1,0.9,0.05,0.7,0.14,0.9,113843.845703125,0.4779950482713995
starling,0.1,0.9,0.05,0.7,0.2,0.7,114426.18359375,0.5783967940189628
starling,0.1,0.9,0.05,0.7,0.2,0.8,113043.390625,0.5928978520986636
starling,0.1,0.9,0.05,0.7,0.2,0.9,114695.470703125,0.594586844030667
starling,0.1,0.9,0.05,0.8,0.1,0.7,105560.888671875,0.6185118862304179
starling,0.1,0.9,0.05,0.8,0.1,0.8,109074.625,0.6095023211467172
starling,0.1,0.9,0.05,0.8,0.1,0.9,112256.759765625,0.6147438169182571
starling,0.1,0.9,0.05,0.8,0.14,0.7,106420.375,0.48331724660669056
starling,0.1,0.9,0.05,0.8,0.14,0.8,108541.029296875,0.48787861564724344
starling,0.1,0.9,0.05,0.8,0.14,0.9,110432.6640625,0.47144020098868866
starling,0.1,0.9,0.05,0.8,0.2,0.7,115469.662109375,0.5776747139555848
starling,0.1,0.9,0.05,0.8,0.2,0.8,111496.447265625,0.5712465645910935
starling,0.1,0.9,0.05,0.8,0.2,0.9,113540.28125,0.5944214443181579
starling,0.1,0.9,0.05,0.9,0.1,0.7,109238.76953125,0.6082951148756648
starling,0.1,0.9,0.05,0.9,0.1,0.8,108013.220703125,0.6256736707865057
starling,0.1,0.9,0.05,0.9,0.1,0.9,108403.83203125,0.6264183274569046
starling,0.1,0.9,0.05,0.9,0.14,0.7,104040.80859375,0.4886728308770897
starling,0.1,0.9,0.05,0.9,0.14,0.8,109297.126953125,0.4762694739132393
starling,0.1,0.9,0.05,0.9,0.14,0.9,108996.619140625,0.4726796873901058
starling,0.1,0.9,0.05,0.9,0.2,0.7,110439.234375,0.6091406512650692
starling,0.1,0.9,0.05,0.9,0.2,0.8,112319.705078125,0.5936400224522518
starling,0.1,0.9,0.05,0.9,0.2,0.9,111195.439453125,0.5766933448415636
starling,0.1,0.9,0.1,0.7,0.1,0.7,107822.04296875,0.5964378909034741
starling,0.1,0.9,0.1,0.7,0.1,0.8,106105.36328125,0.5958912573190798
starling,0.1,0.9,0.1,0.7,0.1,0.9,107554.00390625,0.5826086377677759
starling,0.1,0.9,0.1,0.7,0.14,0.7,112787.67578125,0.688550973711304
starling,0.1,0.9,0.1,0.7,0.14,0.8,109500.751953125,0.681462083664665
starling,0.1,0.9,0.1,0.7,0.14,0.9,111453.19921875,0.6750238947794338
starling,0.1,0.9,0.1,0.7,0.2,0.7,122332.17578125,0.6489676795394429
starling,0.1,0.9,0.1,0.7,0.2,0.8,128198.599609375,0.6577329348208105
starling,0.1,0.9,0.1,0.7,0.2,0.9,123924.28515625,0.677963445628363
starling,0.1,0.9,0.1,0.8,0.1,0.7,109675.85546875,0.5971840102037979
starling,0.1,0.9,0.1,0.8,0.1,0.8,110920.87109375,0.5755097136769243
starling,0.1,0.9,0.1,0.8,0.1,0.9,107384.994140625,0.5732825326804099
starling,0.1,0.9,0.1,0.8,0.14,0.7,110517.00390625,0.6945352151235561
starling,0.1,0.9,0.1,0.8,0.14,0.8,111295.109375,0.6828606747716087
starling,0.1,0.9,0.1,0.8,0.14,0.9,107988.322265625,0.6656245725142939
starling,0.1,0.9,0.1,0.8,0.2,0.7,122853.333984375,0.6519992887638804
starling,0.1,0.9,0.1,0.8,0.2,0.8,121830.794921875,0.6547609436996529
starling,0.1,0.9,0.1,0.8,0.2,0.9,122115.380859375,0.6509466520176146
starling,0.1,0.9,0.1,0.9,0.1,0.7,111666.4765625,0.564425127771667
starling,0.1,0.9,0.1,0.9,0.1,0.8,108527.935546875,0.5617495077947015
starling,0.1,0.9,0.1,0.9,0.1,0.9,111794.384765625,0.5740078926331071
starling,0.1,0.9,0.1,0.9,0.14,0.7,111884.10546875,0.7046965816200442
starling,0.1,0.9,0.1,0.9,0.14,0.8,110258.794921875,0.6839928186008102
starling,0.1,0.9,0.1,0.9,0.14,0.9,111423.205078125,0.7009952272499791
starling,0.1,0.9,0.1,0.9,0.2,0.7,123188.052734375,0.6497169411867603
starling,0.1,0.9,0.1,0.9,0.2,0.8,122202.392578125,0.6773029311849096
starling,0.1,0.9,0.1,0.9,0.2,0.9,122900.287109375,0.667732695700856
starling,0.1,0.9,0.2,0.7,0.1,0.7,111536.236328125,0.6584217825629667
starling,0.1,0.9,0.2,0.7,0.1,0.8,114077.953125,0.6528753224650896
starling,0.1,0.9,0.2,0.7,0.1,0.9,110183.412109375,0.6477331343636115
starling,0.1,0.9,0.2,0.7,0.14,0.7,121161.677734375,0.6434180978041825
starling,0.1,0.9,0.2,0.7,0.14,0.8,121021.45703125,0.6240647245127894
starling,0.1,0.9,0.2,0.7,0.14,0.9,127512.212890625,0.6723948440712235
starling,0.1,0.9,0.2,0.7,0.2,0.7,123053.595703125,0.7417648694752574
starling,0.1,0.9,0.2,0.7,0.2,0.8,120681.134765625,0.7415350664639361
starling,0.1,0.9,0.2,0.7,0.2,0.9,118914.951171875,0.7453970872911532
starling,0.1,0.9,0.2,0.8,0.1,0.7,112793.537109375,0.661635001198336
starling,0.1,0.9,0.2,0.8,0.1,0.8,114529.216796875,0.6472963653272424
starling,0.1,0.9,0.2,0.8,0.1,0.9,112135.2265625,0.6429635845177055
starling,0.1,0.9,0.2,0.8,0.14,0.7,120809.30078125,0.6499354049467835
starling,0.1,0.9,0.2,0.8,0.14,0.8,127417.921875,0.6663212566348855
starling,0.1,0.9,0.2,0.8,0.14,0.9,125448.544921875,0.6424304123956315
starling,0.1,0.9,0.2,0.8,0.2,0.7,126777.3828125,0.736073864097647
starling,0.1,0.9,0.2,0.8,0.2,0.8,121341.126953125,0.7385867956749073
starling,0.1,0.9,0.2,0.8,0.2,0.9,125635.466796875,0.7574280305758356
starling,0.1,0.9,0.2,0.9,0.1,0.7,120290.7734375,0.6839616455768391
starling,0.1,0.9,0.2,0.9,0.1,0.8,118112.376953125,0.6337392938032138
starling,0.1,0.9,0.2,0.9,0.1,0.9,114470.3828125,0.6308440779174216
starling,0.1,0.9,0.2,0.9,0.14,0.7,124788.4296875,0.5957156055915125
starling,0.1,0.9,0.2,0.9,0.14,0.8,126077.7578125,0.6913872520118667
starling,0.1,0.9,0.2,0.9,0.14,0.9,123094.84375,0.6875245370036742
starling,0.1,0.9,0.2,0.9,0.2,0.7,126010.412109375,0.7388753198397483
starling,0.1,0.9,0.2,0.9,0.2,0.8,124256.162109375,0.7582032795187256
starling,0.1,0.9,0.2,0.9,0.2,0.9,122820.58203125,0.7608105194538074
boids_multi,0.01,0.7,0.05,0.7,0.1,0.7,121914.11515625,0.4676320569919587
boids_multi,0.01,0.7,0.05,0.7,0.1,0.8,121918.08984375,0.4676191783686482
boids_multi,0.01,0.7,0.05,0.7,0.1,0.9,121918.97921875,0.46756166128676385
boids_multi,0.01,0.7,0.05,0.7,0.14,0.7,122061.01765625,0.4685520458688988
boids_multi,0.01,0.7,0.05,0.7,0.14,0.8,122155.94734375,0.4687541522173801
boids_multi,0.01,0.7,0.05,0.7,0.14,0.9,122166.02296875,0.4689083430122622
boids_multi,0.01,0.7,0.05,0.7,0.2,0.7,122878.278125,0.4669821805712017
boids_multi,0.01,0.7,0.05,0.7,0.2,0.8,122878.30296875,0.4670066744701184
boids_multi,0.01,0.7,0.05,0.7,0.2,0.9,122888.19328125,0.4672270581000398
boids_multi,0.01,0.7,0.05,0.8,0.1,0.7,121879.73078125,0.4678186397258059
boids_multi,0.01,0.7,0.05,0.8,0.1,0.8,121887.09171875,0.4677942253322094
boids_multi,0.01,0.7,0.05,0.8,0.1,0.9,121886.0921875,0.46776993829874336
boids_multi,0.01,0.7,0.05,0.8,0.14,0.7,122043.0753125,0.46888127441878075
boids_multi,0.01,0.7,0.05,0.8,0.14,0.8,122146.290625,0.4689318168362007
boids_multi,0.01,0.7,0.05,0.8,0.14,0.9,122155.26484375,0.4690469393266084
boids_multi,0.01,0.7,0.05,0.8,0.2,0.7,122783.40171875,0.4671202758294152
boids_multi,0.01,0.7,0.05,0.8,0.2,0.8,122784.49359375,0.46732687704127107
boids_multi,0.01,0.7,0.05,0.8,0.2,0.9,122865.8025,0.46730922718482076
boids_multi,0.01,0.7,0.05,0.9,0.1,0.7,121844.645,0.46794128979186717
boids_multi,0.01,0.7,0.05,0.9,0.1,0.8,121851.03953125,0.4679376493949829
boids_multi,0.01,0.7,0.05,0.9,0.1,0.9,121853.37484375,0.46794019505452844
boids_multi,0.01,0.7,0.05,0.9,0.14,0.7,122028.26265625,0.4689058605742959
boids_multi,0.01,0.7,0.05,0.9,0.14,0.8,122102.016875,0.4691184356540959
boids_multi,0.01,0.7,0.05,0.9,0.14,0.9,122131.53453125,0.4691759106399798
boids_multi,0.01,0.7,0.05,0.9,0.2,0.7,122754.6040625,0.4672865557814793
boids_multi,0.01,0.7,0.05,0.9,0.2,0.8,122771.5471875,0.46757189193479703
boids_multi,0.01,0.7,0.05,0.9,0.2,0.9,122773.57875,0.4675518312639214
boids_multi,0.01,0.7,0.1,0.7,0.1,0.7,121457.444375,0.4695660958159985
boids_multi,0.01,0.7,0.1,0.7,0.1,0.8,121484.1765625,0.4696086734968709
boids_multi,0.01,0.7,0.1,0.7,0.1,0.9,121487.35015625,0.46958273127552475
boids_multi,0.01,0.7,0.1,0.7,0.14,0.7,121755.60359375,0.4695404153000898
boids_multi,0.01,0.7,0.1,0.7,0.14,0.8,121766.3059375,0.4699081758467541
boids_multi,0.01,0.7,0.1,0.7,0.14,0.9,121808.62546875,0.469772838530317
boids_multi,0.01,0.7,0.1,0.7,0.2,0.7,122017.62046875,0.4697341911006663
boids_multi,0.01,0.7,0.1,0.7,0.2,0.8,122091.7228125,0.46981984384876824
boids_multi,0.01,0.7,0.1,0.7,0.2,0.9,122174.46625,0.4697868296931044
boids_multi,0.01,0.7,0.1,0.8,0.1,0.7,121446.04015625,0.4695730835739695
boids_multi,0.01,0.7,0.1,0.8,0.1,0.8,121475.77046875,0.46934577153235646
boids_multi,0.01,0.7,0.1,0.8,0.1,0.9,121484.46171875,0.46951727758830286
boids_multi,0.01,0.7,0.1,0.8,0.14,0.7,121765.6475,0.4699188500224137
boids_multi,0.01,0.7,0.1,0.8,0.14,0.8,121772.20203125,0.4702599914592671
boids_multi,0.01,0.7,0.1,0.8,0.14,0.9,121814.35328125,0.47009892192729164
boids_multi,0.01,0.7,0.1,0.8,0.2,0.7,122053.2465625,0.4697558358247152
boids_multi,0.01,0.7,0.1,0.8,0.2,0.8,122089.32890625,0.47027538615127007
boids_multi,0.01,0.7,0.1,0.8,0.2,0.9,122211.56859375,0.47029157328114535
boids_multi,0.01,0.7,0.1,0.9,0.1,0.7,121437.73109375,0.4694674589446107
boids_multi,0.01,0.7,0.1,0.9,0.1,0.8,121462.5953125,0.46953538578957926
boids_multi,0.01,0.7,0.1,0.9,0.1,0.9,121495.54109375,0.4697168981580603
boids_multi,0.01,0.7,0.1,0.9,0.14,0.7,121786.0896875,0.4700138938514866
boids_multi,0.01,0.7,0.1,0.9,0.14,0.8,121790.08828125,0.469874791945018
boids_multi,0.01,0.7,0.1,0.9,0.14,0.9,121850.94703125,0.46988376289050804
boids_multi,0.01,0.7,0.1,0.9,0.2,0.7,122083.57046875,0.4699015359052985
boids_multi,0.01,0.7,0.1,0.9,0.2,0.8,122143.3703125,0.470078910950694
boids_multi,0.01,0.7,0.1,0.9,0.2,0.9,122249.3321875,0.4700161890614629
boids_multi,0.01,0.7,0.2,0.7,0.1,0.7,121596.22265625,0.46782682574107604
boids_multi,0.01,0.7,0.2,0.7,0.1,0.8,121631.67546875,0.46811654260233226
boids_multi,0.01,0.7,0.2,0.7,0.1,0.9,121682.38390625,0.46806627833015146
boids_multi,0.01,0.7,0.2,0.7,0.14,0.7,122255.221875,0.4699488345520042
boids_multi,0.01,0.7,0.2,0.7,0.14,0.8,122255.12515625,0.47053125869211515
boids_multi,0.01,0.7,0.2,0.7,0.14,0.9,122286.36515625,0.4708966067578396
boids_multi,0.01,0.7,0.2,0.7,0.2,0.7,122658.14,0.4701300675424656
boids_multi,0.01,0.7,0.2,0.7,0.2,0.8,122713.34984375,0.47036810251070216
boids_multi,0.01,0.7,0.2,0.7,0.2,0.9,122806.32578125,0.4701676599694031
boids_multi,0.01,0.7,0.2,0.8,0.1,0.7,121655.928125,0.4686173909318247
boids_multi,0.01,0.7,0.2,0.8,0.1,0.8,121746.2228125,0.46762279021702224
boids_multi,0.01,0.7,0.2,0.8,0.1,0.9,121766.77703125,0.46884132056160993
boids_multi,0.01,0.7,0.2,0.8,0.14,0.7,122325.1225,0.47082837808644434
boids_multi,0.01,0.7,0.2,0.8,0.14,0.8,122318.494375,0.4712260880739775
boids_multi,0.01,0.7,0.2,0.8,0.14,0.9,122309.07078125,0.4713636395693438
boids_multi,0.01,0.7,0.2,0.8,0.2,0.7,122773.95171875,0.4698898497562065
boids_multi,0.01,0.7,0.2,0.8,0.2,0.8,122863.68,0.4699262091308053
boids_multi,0.01,0.7,0.2,0.8,0.2,0.9,122902.1015625,0.47041314167289017
boids_multi,0.01,0.7,0.2,0.9,0.1,0.7,121776.69453125,0.4678333836039102
boids_multi,0.01,0.7,0.2,0.9,0.1,0.8,121865.3425,0.4673671406819326
boids_multi,0.01,0.7,0.2,0.9,0.1,0.9,121868.3665625,0.46756866637503997
boids_multi,0.01,0.7,0.2,0.9,0.14,0.7,122442.90296875,0.4693608917261878
boids_multi,0.01,0.7,0.2,0.9,0.14,0.8,122534.48796875,0.4700129048715355
boids_multi,0.01,0.7,0.2,0.9,0.14,0.9,122531.16421875,0.47218586444242994
boids_multi,0.01,0.7,0.2,0.9,0.2,0.7,123004.16953125,0.4697449163212359
boids_multi,0.01,0.7,0.2,0.9,0.2,0.8,123011.72859375,0.4697483673377842
boids_multi,0.01,0.7,0.2,0.9,0.2,0.9,123033.4490625,0.46995967403223704
boids_multi,0.01,0.8,0.05,0.7,0.1,0.7,121529.2690625,0.46784430117527753
boids_multi,0.01,0.8,0.05,0.7,0.1,0.8,121539.57375,0.4678643969208143
boids_multi,0.01,0.8,0.05,0.7,0.1,0.9,121545.38875,0.4678296125782498
boids_multi,0.01,0.8,0.05,0.7,0.14,0.7,121719.158125,0.4684760263904693
boids_multi,0.01,0.8,0.05,0.7,0.14,0.8,121799.84453125,0.46879728576947527
boids_multi,0.01,0.8,0.05,0.7,0.14,0.9,121843.76796875,0.4688597011840011
boids_multi,0.01,0.8,0.05,0.7,0.2,0.7,122477.22078125,0.46694525916117163
boids_multi,0.01,0.8,0.05,0.7,0.2,0.8,122537.34296875,0.4670439321855826
boids_multi,0.01,0.8,0.05,0.7,0.2,0.9,122550.61015625,0.46718203587358814
boids_multi,0.01,0.8,0.05,0.8,0.1,0.7,121489.29109375,0.46802128398238824
boids_multi,0.01,0.8,0.05,0.8,0.1,0.8,121495.81390625,0.46808305493403524
boids_multi,0.01,0.8,0.05,0.8,0.1,0.9,121499.44234375,0.4680582677547016
boids_multi,0.01,0.8,0.05,0.8,0.14,0.7,121686.15140625,0.4688411709703113
boids_multi,0.01,0.8,0.05,0.8,0.14,0.8,121774.22828125,0.4689496951556253
boids_multi,0.01,0.8,0.05,0.8,0.14,0.9,121816.99171875,0.46904487475172557
boids_multi,0.01,0.8,0.05,0.8,0.2,0.7,122442.3759375,0.467236015192672
boids_multi,0.01,0.8,0.05,0.8,0.2,0.8,122471.234375,0.4673788076772042
boids_multi,0.01,0.8,0.05,0.8,0.2,0.9,122528.36296875,0.4672992280674172
boids_multi,0.01,0.8,0.05,0.9,0.1,0.7,121449.64953125,0.46816771559359055
boids_multi,0.01,0.8,0.05,0.9,0.1,0.8,121458.736875,0.46820255230737245
boids_multi,0.01,0.8,0.05,0.9,0.1,0.9,121460.2884375,0.4682231080972252
boids_multi,0.01,0.8,0.05,0.9,0.14,0.7,121649.02328125,0.4690919036154746
boids_multi,0.01,0.8,0.05,0.9,0.14,0.8,121673.24453125,0.46932434522938626
boids_multi,0.01,0.8,0.05,0.9,0.14,0.9,121740.87078125,0.4695316199427528
boids_multi,0.01,0.8,0.05,0.9,0.2,0.7,122418.34859375,0.46738932622016444
boids_multi,0.01,0.8,0.05,0.9,0.2,0.8,122446.55421875,0.46742651060563334
boids_multi,0.01,0.8,0.05,0.9,0.2,0.9,122444.00265625,0.467324621185335
boids_multi,0.01,0.8,0.1,0.7,0.1,0.7,121085.831875,0.469730435576791
boids_multi,0.01,0.8,0.1,0.7,0.1,0.8,121132.645625,0.46962562375372974
boids_multi,0.01,0.8,0.1,0.7,0.1,0.9,121149.558125,0.4695694224465868
boids_multi,0.01,0.8,0.1,0.7,0.14,0.7,121433.2228125,0.4698382143599714
boids_multi,0.01,0.8,0.1,0.7,0.14,0.8,121440.87875,0.4699235720844524
boids_multi,0.01,0.8,0.1,0.7,0.14,0.9,121502.5503125,0.4698700792495416
boids_multi,0.01,0.8,0.1,0.7,0.2,0.7,121742.23828125,0.4700584729548796
boids_multi,0.01,0.8,0.1,0.7,0.2,0.8,121755.52828125,0.46976768073411534
boids_multi,0.01,0.8,0.1,0.7,0.2,0.9,121891.17125,0.46983155886026556
boids_multi,0.01,0.8,0.1,0.8,0.1,0.7,121089.83671875,0.46967681934021976
boids_multi,0.01,0.8,0.1,0.8,0.1,0.8,121140.11703125,0.4694986922898636
boids_multi,0.01,0.8,0.1,0.8,0.1,0.9,121168.373125,0.4694601385524954
boids_multi,0.01,0.8,0.1,0.8,0.14,0.7,121446.96859375,0.4702072238609181
boids_multi,0.01,0.8,0.1,0.8,0.14,0.8,121464.8415625,0.4701848476994263
boids_multi,0.01,0.8,0.1,0.8,0.14,0.9,121505.19765625,0.46998175383397967
boids_multi,0.01,0.8,0.1,0.8,0.2,0.7,121774.05078125,0.47024680998568896
boids_multi,0.01,0.8,0.1,0.8,0.2,0.8,121809.38078125,0.4700288954747404
boids_multi,0.01,0.8,0.1,0.8,0.2,0.9,121880.0025,0.4702361967964957
boids_multi,0.01,0.8,0.1,0.9,0.1,0.7,121078.95765625,0.4699068909756809
boids_multi,0.01,0.8,0.1,0.9,0.1,0.8,121136.32046875,0.47002491341743613
boids_multi,0.01,0.8,0.1,0.9,0.1,0.9,121179.990625,0.46990727117054887
boids_multi,0.01,0.8,0.1,0.9,0.14,0.7,121474.646875,0.4700475742433216
boids_multi,0.01,0.8,0.1,0.9,0.14,0.8,121450.08734375,0.4703597702899719
boids_multi,0.01,0.8,0.1,0.9,0.14,0.9,121477.660625,0.4706863502416616
boids_multi,0.01,0.8,0.1,0.9,0.2,0.7,121800.711875,0.47087708166047554
boids_multi,0.01,0.8,0.1,0.9,0.2,0.8,121850.1384375,0.47018744421103276
boids_multi,0.01,0.8,0.1,0.9,0.2,0.9,121938.559375,0.4699783436109565
boids_multi,0.01,0.8,0.2,0.7,0.1,0.7,121281.70796875,0.4677180838815261
boids_multi,0.01,0.8,0.2,0.7,0.1,0.8,121359.02265625,0.4677428336071372
boids_multi,0.01,0.8,0.2,0.7,0.1,0.9,121386.290625,0.4674428438349537
boids_multi,0.01,0.8,0.2,0.7,0.14,0.7,121899.809375,0.4701069798241737
boids_multi,0.01,0.8,0.2,0.7,0.14,0.8,121901.1534375,0.4701860855640952
boids_multi,0.01,0.8,0.2,0.7,0.14,0.9,121941.63125,0.4703571604909957
boids_multi,0.01,0.8,0.2,0.7,0.2,0.7,122385.94046875,0.4697136197487319
boids_multi,0.01,0.8,0.2,0.7,0.2,0.8,122442.94140625,0.4699048911759283
boids_multi,0.01,0.8,0.2,0.7,0.2,0.9,122471.9121875,0.47040077855062973
boids_multi,0.01,0.8,0.2,0.8,0.1,0.7,121325.76515625,0.46759246330067733
boids_multi,0.01,0.8,0.2,0.8,0.1,0.8,121387.14546875,0.4678264773179695
boids_multi,0.01,0.8,0.2,0.8,0.1,0.9,121397.06875,0.46773142404096324
boids_multi,0.01,0.8,0.2,0.8,0.14,0.7,121961.825,0.4701648250729507
boids_multi,0.01,0.8,0.2,0.8,0.14,0.8,121942.19546875,0.4708263034080176
boids_multi,0.01,0.8,0.2,0.8,0.14,0.9,121989.43140625,0.471481760156299
boids_multi,0.01,0.8,0.2,0.8,0.2,0.7,122497.73359375,0.469810166686081
boids_multi,0.01,0.8,0.2,0.8,0.2,0.8,122587.87546875,0.47000008313141434
boids_multi,0.01,0.8,0.2,0.8,0.2,0.9,122577.2953125,0.46962675615059446
boids_multi,0.01,0.8,0.2,0.9,0.1,0.7,121465.4,0.4669259119602546
boids_multi,0.01,0.8,0.2,0.9,0.1,0.8,121580.62765625,0.46667262891858596
boids_multi,0.01,0.8,0.2,0.9,0.1,0.9,121627.7725,0.466758708369115
boids_multi,0.01,0.8,0.2,0.9,0.14,0.7,122113.57453125,0.46988078571324726
boids_multi,0.01,0.8,0.2,0.9,0.14,0.8,122116.921875,0.47024569277409717
boids_multi,0.01,0.8,0.2,0.9,0.14,0.9,122138.5071875,0.4712372246304863
boids_multi,0.01,0.8,0.2,0.9,0.2,0.7,122645.0678125,0.4695510570839316
boids_multi,0.01,0.8,0.2,0.9,0.2,0.8,122648.24984375,0.46986405940940373
boids_multi,0.01,0.8,0.2,0.9,0.2,0.9,122676.88484375,0.4702242455685707
boids_multi,0.01,0.9,0.05,0.7,0.1,0.7,121199.19109375,0.4680828257320497
boids_multi,0.01,0.9,0.05,0.7,0.1,0.8,121215.24,0.4681211994933301
boids_multi,0.01,0.9,0.05,0.7,0.1,0.9,121220.6696875,0.4681411031882207
boids_multi,0.01,0.9,0.05,0.7,0.14,0.7,121426.63078125,0.468480371745616
boids_multi,0.01,0.9,0.05,0.7,0.14,0.8,121430.175625,0.4690017111018244
boids_multi,0.01,0.9,0.05,0.7,0.14,0.9,121499.09140625,0.46925495646604626
boids_multi,0.01,0.9,0.05,0.7,0.2,0.7,122188.8125,0.46707525499102814
boids_multi,0.01,0.9,0.05,0.7,0.2,0.8,122251.1621875,0.4671593950914567
boids_multi,0.01,0.9,0.05,0.7,0.2,0.9,122254.0775,0.46706564249729854
boids_multi,0.01,0.9,0.05,0.8,0.1,0.7,121159.14765625,0.4682759984507357
boids_multi,0.01,0.9,0.05,0.8,0.1,0.8,121174.725,0.46833715734133186
boids_multi,0.01,0.9,0.05,0.8,0.1,0.9,121184.588125,0.468374124286221
boids_multi,0.01,0.9,0.05,0.8,0.14,0.7,121376.1009375,0.4689947645595215
boids_multi,0.01,0.9,0.05,0.8,0.14,0.8,121391.40296875,0.4693149167082877
boids_multi,0.01,0.9,0.05,0.8,0.14,0.9,121463.67328125,0.46946819375585347
boids_multi,0.01,0.9,0.05,0.8,0.2,0.7,122163.390625,0.4672859911900789
boids_multi,0.01,0.9,0.05,0.8,0.2,0.8,122185.2340625,0.4673234086806012
boids_multi,0.01,0.9,0.05,0.8,0.2,0.9,122232.66640625,0.46737439970401823
boids_multi,0.01,0.9,0.05,0.9,0.1,0.7,121126.44015625,0.4684395148909246
boids_multi,0.01,0.9,0.05,0.9,0.1,0.8,121142.341875,0.4685164452400942
boids_multi,0.01,0.9,0.05,0.9,0.1,0.9,121154.1221875,0.46860035013247187
boids_multi,0.01,0.9,0.05,0.9,0.14,0.7,121329.01703125,0.46923401051588587
boids_multi,0.01,0.9,0.05,0.9,0.14,0.8,121353.31546875,0.4694843075241292
boids_multi,0.01,0.9,0.05,0.9,0.14,0.9,121426.5809375,0.4695433643987748
boids_multi,0.01,0.9,0.05,0.9,0.2,0.7,122131.99921875,0.46733979522019065
boids_multi,0.01,0.9,0.05,0.9,0.2,0.8,122151.95234375,0.4675363800329272
boids_multi,0.01,0.9,0.05,0.9,0.2,0.9,122167.96671875,0.46736649817784426
boids_multi,0.01,0.9,0.1,0.7,0.1,0.7,120749.28453125,0.4698988442457569
boids_multi,0.01,0.9,0.1,0.7,0.1,0.8,120824.62296875,0.46979801930887677
boids_multi,0.01,0.9,0.1,0.7,0.1,0.9,120853.80484375,0.4700011421605322
boids_multi,0.01,0.9,0.1,0.7,0.14,0.7,121123.254375,0.47055641409079724
boids_multi,0.01,0.9,0.1,0.7,0.14,0.8,121130.77921875,0.4706390875473822
boids_multi,0.01,0.9,0.1,0.7,0.14,0.9,121191.89796875,0.4708145774139827
boids_multi,0.01,0.9,0.1,0.7,0.2,0.7,121500.1846875,0.47010597941254006
boids_multi,0.01,0.9,0.1,0.7,0.2,0.8,121523.9890625,0.4704350571561372
boids_multi,0.01,0.9,0.1,0.7,0.2,0.9,121587.39859375,0.47028916835270507
boids_multi,0.01,0.9,0.1,0.8,0.1,0.7,120754.4234375,0.4701466823234637
boids_multi,0.01,0.9,0.1,0.8,0.1,0.8,120828.359375,0.47009380692661734
boids_multi,0.01,0.9,0.1,0.8,0.1,0.9,120876.4875,0.46967297565741695
boids_multi,0.01,0.9,0.1,0.8,0.14,0.7,121135.20890625,0.47077882621802
boids_multi,0.01,0.9,0.1,0.8,0.14,0.8,121157.77515625,0.4707062745994229
boids_multi,0.01,0.9,0.1,0.8,0.14,0.9,121192.5815625,0.4706673166560389
boids_multi,0.01,0.9,0.1,0.8,0.2,0.7,121533.00171875,0.4703225963321425
boids_multi,0.01,0.9,0.1,0.8,0.2,0.8,121571.56625,0.4702509440206267
boids_multi,0.01,0.9,0.1,0.8,0.2,0.9,121615.46890625,0.4702679222396772
boids_multi,0.01,0.9,0.1,0.9,0.1,0.7,120771.0990625,0.4700276878403143
boids_multi,0.01,0.9,0.1,0.9,0.1,0.8,120841.978125,0.4698200843286107
boids_multi,0.01,0.9,0.1,0.9,0.1,0.9,120894.9640625,0.46956910828251885
boids_multi,0.01,0.9,0.1,0.9,0.14,0.7,121159.07875,0.47082771950931523
boids_multi,0.01,0.9,0.1,0.9,0.14,0.8,121162.37578125,0.4708851896664212
boids_multi,0.01,0.9,0.1,0.9,0.14,0.9,121194.3246875,0.4707862274155091
boids_multi,0.01,0.9,0.1,0.9,0.2,0.7,121558.086875,0.47037908224841535
boids_multi,0.01,0.9,0.1,0.9,0.2,0.8,121603.0509375,0.4704417750604239
boids_multi,0.01,0.9,0.1,0.9,0.2,0.9,121637.8628125,0.47048136222112175
boids_multi,0.01,0.9,0.2,0.7,0.1,0.7,120941.38578125,0.4676727040595178
boids_multi,0.01,0.9,0.2,0.7,0.1,0.8,121023.5240625,0.46727657137754136
boids_multi,0.01,0.9,0.2,0.7,0.1,0.9,121120.17765625,0.46745787274021133
boids_multi,0.01,0.9,0.2,0.7,0.14,0.7,121575.2503125,0.4699290868975027
boids_multi,0.01,0.9,0.2,0.7,0.14,0.8,121581.92765625,0.4702374894909741
boids_multi,0.01,0.9,0.2,0.7,0.14,0.9,121585.85,0.47102014480374904
boids_multi,0.01,0.9,0.2,0.7,0.2,0.7,122113.36296875,0.46955918552827053
boids_multi,0.01,0.9,0.2,0.7,0.2,0.8,122140.625625,0.46994734478711186
boids_multi,0.01,0.9,0.2,0.7,0.2,0.9,122205.56078125,0.4696639197875429
boids_multi,0.01,0.9,0.2,0.8,0.1,0.7,120963.3671875,0.46765739899724035
boids_multi,0.01,0.9,0.2,0.8,0.1,0.8,121058.925,0.4672373171247394
boids_multi,0.01,0.9,0.2,0.8,0.1,0.9,121119.98203125,0.4671637354572154
boids_multi,0.01,0.9,0.2,0.8,0.14,0.7,121652.85234375,0.4700858827707454
boids_multi,0.01,0.9,0.2,0.8,0.14,0.8,121639.23703125,0.46981920565068536
boids_multi,0.01,0.9,0.2,0.8,0.14,0.9,121659.2653125,0.471119499278159
boids_multi,0.01,0.9,0.2,0.8,0.2,0.7,122271.02,0.4705876758815247
boids_multi,0.01,0.9,0.2,0.8,0.2,0.8,122314.4128125,0.47050177710460966
boids_multi,0.01,0.9,0.2,0.8,0.2,0.9,122336.11875,0.46946743426654797
boids_multi,0.01,0.9,0.2,0.9,0.1,0.7,121073.40984375,0.468887958596426
boids_multi,0.01,0.9,0.2,0.9,0.1,0.8,121121.5525,0.4674642874064663
boids_multi,0.01,0.9,0.2,0.9,0.1,0.9,121175.75,0.4671824312078294
boids_multi,0.01,0.9,0.2,0.9,0.14,0.7,121818.15234375,0.46950251084153266
boids_multi,0.01,0.9,0.2,0.9,0.14,0.8,121871.08546875,0.4689454496327965
boids_multi,0.01,0.9,0.2,0.9,0.14,0.9,121831.7453125,0.4700725661939967
boids_multi,0.01,0.9,0.2,0.9,0.2,0.7,122330.06984375,0.4692682300623834
boids_multi,0.01,0.9,0.2,0.9,0.2,0.8,122365.740625,0.46981227992710844
boids_multi,0.01,0.9,0.2,0.9,0.2,0.9,122372.754375,0.4693540995082037
boids_multi,0.05,0.7,0.05,0.7,0.1,0.7,115468.89640625,0.48073441113561954
boids_multi,0.05,0.7,0.05,0.7,0.1,0.8,115466.29078125,0.48099356346280964
boids_multi,0.05,0.7,0.05,0.7,0.1,0.9,115469.2834375,0.48043021287046506
boids_multi,0.05,0.7,0.05,0.7,0.14,0.7,116005.483125,0.48213078770278
boids_multi,0.05,0.7,0.05,0.7,0.14,0.8,116070.57140625,0.48168282655094513
boids_multi,0.05,0.7,0.05,0.7,0.14,0.9,116158.1753125,0.4810547238378407
boids_multi,0.05,0.7,0.05,0.7,0.2,0.7,116775.294375,0.4775772901541197
boids_multi,0.05,0.7,0.05,0.7,0.2,0.8,116845.27796875,0.4773699589682513
boids_multi,0.05,0.7,0.05,0.7,0.2,0.9,116894.290625,0.47737664887249887
boids_multi,0.05,0.7,0.05,0.8,0.1,0.7,115345.56921875,0.480910675337326
boids_multi,0.05,0.7,0.05,0.8,0.1,0.8,115341.64234375,0.48112490284816545
boids_multi,0.05,0.7,0.05,0.8,0.1,0.9,115352.93375,0.4806072653188335
boids_multi,0.05,0.7,0.05,0.8,0.14,0.7,116019.7203125,0.4823055017420172
boids_multi,0.05,0.7,0.05,0.8,0.14,0.8,116139.56828125,0.4813775852049963
boids_multi,0.05,0.7,0.05,0.8,0.14,0.9,116229.33828125,0.481483509314014
boids_multi,0.05,0.7,0.05,0.8,0.2,0.7,116780.97015625,0.477266634297417
boids_multi,0.05,0.7,0.05,0.8,0.2,0.8,116809.58609375,0.4772541384583093
boids_multi,0.05,0.7,0.05,0.8,0.2,0.9,116864.89109375,0.4775357447386393
boids_multi,0.05,0.7,0.05,0.9,0.1,0.7,115308.51125,0.4809264137189542
boids_multi,0.05,0.7,0.05,0.9,0.1,0.8,115306.77875,0.4807601438010978
boids_multi,0.05,0.7,0.05,0.9,0.1,0.9,115322.970625,0.4805370072891702
boids_multi,0.05,0.7,0.05,0.9,0.14,0.7,116055.95125,0.4819825628182425
boids_multi,0.05,0.7,0.05,0.9,0.14,0.8,116131.77703125,0.4816549689896219
boids_multi,0.05,0.7,0.05,0.9,0.14,0.9,116219.48921875,0.4813906449786988
boids_multi,0.05,0.7,0.05,0.9,0.2,0.7,116795.24421875,0.4777283782184243
boids_multi,0.05,0.7,0.05,0.9,0.2,0.8,116797.89234375,0.4770924222794967
boids_multi,0.05,0.7,0.05,0.9,0.2,0.9,116863.6646875,0.47786977515705714
boids_multi,0.05,0.7,0.1,0.7,0.1,0.7,115372.8209375,0.47862497459959363
boids_multi,0.05,0.7,0.1,0.7,0.1,0.8,115427.53828125,0.47874833663808963
boids_multi,0.05,0.7,0.1,0.7,0.1,0.9,115481.16078125,0.4793869067093847
boids_multi,0.05,0.7,0.1,0.7,0.14,0.7,115934.06890625,0.4789227284757442
boids_multi,0.05,0.7,0.1,0.7,0.14,0.8,115930.18625,0.47903069678283833
boids_multi,0.05,0.7,0.1,0.7,0.14,0.9,116119.15546875,0.47876813106626764
boids_multi,0.05,0.7,0.1,0.7,0.2,0.7,116607.83734375,0.48045909364387035
boids_multi,0.05,0.7,0.1,0.7,0.2,0.8,116714.935,0.4800426262282354
boids_multi,0.05,0.7,0.1,0.7,0.2,0.9,116765.4378125,0.4800207766515598
boids_multi,0.05,0.7,0.1,0.8,0.1,0.7,115450.63515625,0.4785688950024239
boids_multi,0.05,0.7,0.1,0.8,0.1,0.8,115490.59875,0.4790052045452952
boids_multi,0.05,0.7,0.1,0.8,0.1,0.9,115551.2359375,0.47864742363233725
boids_multi,0.05,0.7,0.1,0.8,0.14,0.7,115965.555,0.4791197197637464
boids_multi,0.05,0.7,0.1,0.8,0.14,0.8,115958.309375,0.47936494449665257
boids_multi,0.05,0.7,0.1,0.8,0.14,0.9,116099.13921875,0.47929220316156107
boids_multi,0.05,0.7,0.1,0.8,0.2,0.7,116658.583125,0.47989627538992735
boids_multi,0.05,0.7,0.1,0.8,0.2,0.8,116752.105,0.48075361435511677
boids_multi,0.05,0.7,0.1,0.8,0.2,0.9,116813.315625,0.479798067406716
boids_multi,0.05,0.7,0.1,0.9,0.1,0.7,115489.31375,0.47846966537722013
boids_multi,0.05,0.7,0.1,0.9,0.1,0.8,115580.3553125,0.4787181983739978
boids_multi,0.05,0.7,0.1,0.9,0.1,0.9,115654.894375,0.4786396813510921
boids_multi,0.05,0.7,0.1,0.9,0.14,0.7,115922.07015625,0.47936178879811564
boids_multi,0.05,0.7,0.1,0.9,0.14,0.8,116059.0615625,0.47944135927812553
boids_multi,0.05,0.7,0.1,0.9,0.14,0.9,116216.3209375,0.4793536427055619
boids_multi,0.05,0.7,0.1,0.9,0.2,0.7,116607.325,0.480250230654532
boids_multi,0.05,0.7,0.1,0.9,0.2,0.8,116701.779375,0.47975340269772493
boids_multi,0.05,0.7,0.1,0.9,0.2,0.9,116818.59234375,0.4793904855622073
boids_multi,0.05,0.7,0.2,0.7,0.1,0.7,116373.78109375,0.4784206525719793
boids_multi,0.05,0.7,0.2,0.7,0.1,0.8,116404.013125,0.47748703824954997
boids_multi,0.05,0.7,0.2,0.7,0.1,0.9,116440.008125,0.47824162333438835
boids_multi,0.05,0.7,0.2,0.7,0.14,0.7,117195.14421875,0.4789103719933855
boids_multi,0.05,0.7,0.2,0.7,0.14,0.8,117155.93671875,0.47888554585146315
boids_multi,0.05,0.7,0.2,0.7,0.14,0.9,117229.859375,0.47810924108419967
boids_multi,0.05,0.7,0.2,0.7,0.2,0.7,117619.74140625,0.48030109869432425
boids_multi,0.05,0.7,0.2,0.7,0.2,0.8,117743.2815625,0.4794906730476704
boids_multi,0.05,0.7,0.2,0.7,0.2,0.9,117889.57265625,0.4801400622011752
boids_multi,0.05,0.7,0.2,0.8,0.1,0.7,116519.9553125,0.47575439492221977
boids_multi,0.05,0.7,0.2,0.8,0.1,0.8,116605.04734375,0.4760646402050863
boids_multi,0.05,0.7,0.2,0.8,0.1,0.9,116637.66796875,0.4800592066366105
boids_multi,0.05,0.7,0.2,0.8,0.14,0.7,117391.22828125,0.4780731958907009
boids_multi,0.05,0.7,0.2,0.8,0.14,0.8,117457.143125,0.47830447427198414
boids_multi,0.05,0.7,0.2,0.8,0.14,0.9,117590.01421875,0.4775826682659594
boids_multi,0.05,0.7,0.2,0.8,0.2,0.7,118041.67640625,0.4798221111154875
boids_multi,0.05,0.7,0.2,0.8,0.2,0.8,118236.37640625,0.47829028334605694
boids_multi,0.05,0.7,0.2,0.8,0.2,0.9,118121.6853125,0.47872113753525086
boids_multi,0.05,0.7,0.2,0.9,0.1,0.7,116766.7678125,0.4753302540092599
boids_multi,0.05,0.7,0.2,0.9,0.1,0.8,116852.8121875,0.4743508622785122
boids_multi,0.05,0.7,0.2,0.9,0.1,0.9,116938.54296875,0.47978801401348437
boids_multi,0.05,0.7,0.2,0.9,0.14,0.7,117644.97609375,0.47940743884677856
boids_multi,0.05,0.7,0.2,0.9,0.14,0.8,117750.18546875,0.47943812916168277
boids_multi,0.05,0.7,0.2,0.9,0.14,0.9,117966.5803125,0.4781890804808578
boids_multi,0.05,0.7,0.2,0.9,0.2,0.7,118223.55890625,0.47822721669941975
boids_multi,0.05,0.7,0.2,0.9,0.2,0.8,118354.86328125,0.47722856417959536
boids_multi,0.05,0.7,0.2,0.9,0.2,0.9,118625.925625,0.4770291295934318
boids_multi,0.05,0.8,0.05,0.7,0.1,0.7,115168.06953125,0.48248348689973414
boids_multi,0.05,0.8,0.05,0.7,0.1,0.8,115227.44046875,0.48318977885728187
boids_multi,0.05,0.8,0.05,0.7,0.1,0.9,115271.7521875,0.4823826458528938
boids_multi,0.05,0.8,0.05,0.7,0.14,0.7,115910.03015625,0.4817707816011906
boids_multi,0.05,0.8,0.05,0.7,0.14,0.8,115994.8165625,0.48093739623986304
boids_multi,0.05,0.8,0.05,0.7,0.14,0.9,116033.99609375,0.4809851720075261
boids_multi,0.05,0.8,0.05,0.7,0.2,0.7,116747.52921875,0.47718020187864985
boids_multi,0.05,0.8,0.05,0.7,0.2,0.8,116896.70890625,0.47693059085916856
boids_multi,0.05,0.8,0.05,0.7,0.2,0.9,116946.68390625,0.47689014993160717
boids_multi,0.05,0.8,0.05,0.8,0.1,0.7,115159.8425,0.4828931133585226
boids_multi,0.05,0.8,0.05,0.8,0.1,0.8,115185.55171875,0.4818437894692395
boids_multi,0.05,0.8,0.05,0.8,0.1,0.9,115176.82578125,0.48203232758322506
boids_multi,0.05,0.8,0.05,0.8,0.14,0.7,115878.64296875,0.4819682289504621
boids_multi,0.05,0.8,0.05,0.8,0.14,0.8,116020.51125,0.4815551564624332
boids_multi,0.05,0.8,0.05,0.8,0.14,0.9,116089.644375,0.48123965894315773
boids_multi,0.05,0.8,0.05,0.8,0.2,0.7,116714.5990625,0.47700836487997705
boids_multi,0.05,0.8,0.05,0.8,0.2,0.8,116858.7528125,0.47665019867837016
boids_multi,0.05,0.8,0.05,0.8,0.2,0.9,116957.79703125,0.476743706900848
boids_multi,0.05,0.8,0.05,0.9,0.1,0.7,115171.25578125,0.48184195464607094
boids_multi,0.05,0.8,0.05,0.9,0.1,0.8,115170.90921875,0.4827978815707666
boids_multi,0.05,0.8,0.05,0.9,0.1,0.9,115217.76359375,0.48181593581980225
boids_multi,0.05,0.8,0.05,0.9,0.14,0.7,115927.16703125,0.4824436712376381
boids_multi,0.05,0.8,0.05,0.9,0.14,0.8,115967.2084375,0.48194880253537264
boids_multi,0.05,0.8,0.05,0.9,0.14,0.9,116081.77015625,0.4819712786733782
boids_multi,0.05,0.8,0.05,0.9,0.2,0.7,116743.9825,0.4766285083990819
boids_multi,0.05,0.8,0.05,0.9,0.2,0.8,116835.4371875,0.47679483122707106
boids_multi,0.05,0.8,0.05,0.9,0.2,0.9,116864.70421875,0.47664552385427944
boids_multi,0.05,0.8,0.1,0.7,0.1,0.7,115274.79375,0.4787929837444293
boids_multi,0.05,0.8,0.1,0.7,0.1,0.8,115270.30546875,0.4788557881268705
boids_multi,0.05,0.8,0.1,0.7,0.1,0.9,115336.56265625,0.47934435296574024
boids_multi,0.05,0.8,0.1,0.7,0.14,0.7,115704.03796875,0.4793014746502468
boids_multi,0.05,0.8,0.1,0.7,0.14,0.8,115840.22015625,0.4795215383099197
boids_multi,0.05,0.8,0.1,0.7,0.14,0.9,115859.0334375,0.4801157811903133
boids_multi,0.05,0.8,0.1,0.7,0.2,0.7,116499.83734375,0.47975607107903434
boids_multi,0.05,0.8,0.1,0.7,0.2,0.8,116613.26625,0.4797001374335676
boids_multi,0.05,0.8,0.1,0.7,0.2,0.9,116780.4875,0.48056540344616716
boids_multi,0.05,0.8,0.1,0.8,0.1,0.7,115407.63046875,0.47947295797997413
boids_multi,0.05,0.8,0.1,0.8,0.1,0.8,115360.48015625,0.4793545494715532
boids_multi,0.05,0.8,0.1,0.8,0.1,0.9,115450.83859375,0.47884808791631334
boids_multi,0.05,0.8,0.1,0.8,0.14,0.7,115796.73953125,0.47949767745811206
boids_multi,0.05,0.8,0.1,0.8,0.14,0.8,115847.23703125,0.47895720017683
boids_multi,0.05,0.8,0.1,0.8,0.14,0.9,115937.90671875,0.4794321375519431
boids_multi,0.05,0.8,0.1,0.8,0.2,0.7,116584.05171875,0.48067424128659886
boids_multi,0.05,0.8,0.1,0.8,0.2,0.8,116604.2146875,0.48117887151076466
boids_multi,0.05,0.8,0.1,0.8,0.2,0.9,116629.64015625,0.4808492108478375
boids_multi,0.05,0.8,0.1,0.9,0.1,0.7,115439.411875,0.47865065143867036
boids_multi,0.05,0.8,0.1,0.9,0.1,0.8,115438.00671875,0.4784368838933505
boids_multi,0.05,0.8,0.1,0.9,0.1,0.9,115549.83625,0.4799962629522028
boids_multi,0.05,0.8,0.1,0.9,0.14,0.7,115762.205,0.4788693694625721
boids_multi,0.05,0.8,0.1,0.9,0.14,0.8,115823.06234375,0.47900786841524295
boids_multi,0.05,0.8,0.1,0.9,0.14,0.9,115945.2921875,0.47870024444855663
boids_multi,0.05,0.8,0.1,0.9,0.2,0.7,116613.62,0.48185582620458367
boids_multi,0.05,0.8,0.1,0.9,0.2,0.8,116695.459375,0.4806105958793871
boids_multi,0.05,0.8,0.1,0.9,0.2,0.9,116790.360625,0.48054835705941185
boids_multi,0.05,0.8,0.2,0.7,0.1,0.7,116287.260625,0.4761706965393613
boids_multi,0.05,0.8,0.2,0.7,0.1,0.8,116264.10265625,0.47672312903429037
boids_multi,0.05,0.8,0.2,0.7,0.1,0.9,116340.23109375,0.47828549762873396
boids_multi,0.05,0.8,0.2,0.7,0.14,0.7,117196.0265625,0.47802949541410183
boids_multi,0.05,0.8,0.2,0.7,0.14,0.8,117222.49640625,0.4782466614136044
boids_multi,0.05,0.8,0.2,0.7,0.14,0.9,117221.8578125,0.47898602120622796
boids_multi,0.05,0.8,0.2,0.7,0.2,0.7,117780.708125,0.47987913839973667
boids_multi,0.05,0.8,0.2,0.7,0.2,0.8,117828.56703125,0.48033551238992245
boids_multi,0.05,0.8,0.2,0.7,0.2,0.9,117764.15890625,0.4791547208663388
boids_multi,0.05,0.8,0.2,0.8,0.1,0.7,116510.75265625,0.4744533210386056
boids_multi,0.05,0.8,0.2,0.8,0.1,0.8,116570.98171875,0.47705434641758365
boids_multi,0.05,0.8,0.2,0.8,0.1,0.9,116567.396875,0.47668202318205877
boids_multi,0.05,0.8,0.2,0.8,0.14,0.7,117310.1878125,0.47759647442005565
boids_multi,0.05,0.8,0.2,0.8,0.14,0.8,117445.325,0.4781681721123712
boids_multi,0.05,0.8,0.2,0.8,0.14,0.9,117549.18859375,0.4792839154775608
boids_multi,0.05,0.8,0.2,0.8,0.2,0.7,118079.4559375,0.4782975540734744
boids_multi,0.05,0.8,0.2,0.8,0.2,0.8,118205.9709375,0.47769034796708787
boids_multi,0.05,0.8,0.2,0.8,0.2,0.9,118084.1234375,0.47789825113765877
boids_multi,0.05,0.8,0.2,0.9,0.1,0.7,116645.128125,0.47593963696709124
boids_multi,0.05,0.8,0.2,0.9,0.1,0.8,116820.81078125,0.4751010128694504
boids_multi,0.05,0.8,0.2,0.9,0.1,0.9,116914.68625,0.4759336644084242
boids_multi,0.05,0.8,0.2,0.9,0.14,0.7,117682.63390625,0.47691117080541906
boids_multi,0.05,0.8,0.2,0.9,0.14,0.8,117749.25046875,0.4783891180036626
boids_multi,0.05,0.8,0.2,0.9,0.14,0.9,118005.51671875,0.4797278595967668
boids_multi,0.05,0.8,0.2,0.9,0.2,0.7,118036.10796875,0.47852424495045676
boids_multi,0.05,0.8,0.2,0.9,0.2,0.8,118198.0971875,0.47725664718055527
boids_multi,0.05,0.8,0.2,0.9,0.2,0.9,118251.30453125,0.4789356419401515
boids_multi,0.05,0.9,0.05,0.7,0.1,0.7,115109.45265625,0.4817512024898151
boids_multi,0.05,0.9,0.05,0.7,0.1,0.8,115144.898125,0.4814703908238054
boids_multi,0.05,0.9,0.05,0.7,0.1,0.9,115158.08703125,0.481422316916588
boids_multi,0.05,0.9,0.05,0.7,0.14,0.7,115767.13484375,0.481320482380285
boids_multi,0.05,0.9,0.05,0.7,0.14,0.8,115861.61609375,0.4812401667799955
boids_multi,0.05,0.9,0.05,0.7,0.14,0.9,115892.65984375,0.4811900650733636
boids_multi,0.05,0.9,0.05,0.7,0.2,0.7,116703.42625,0.47667699366672706
boids_multi,0.05,0.9,0.05,0.7,0.2,0.8,116858.4428125,0.47681588989133306
boids_multi,0.05,0.9,0.05,0.7,0.2,0.9,116898.64328125,0.4768868552437771
boids_multi,0.05,0.9,0.05,0.8,0.1,0.7,115004.40640625,0.48214107528512384
boids_multi,0.05,0.9,0.05,0.8,0.1,0.8,115067.37703125,0.4815669567616571
boids_multi,0.05,0.9,0.05,0.8,0.1,0.9,115081.44125,0.4818240301155798
boids_multi,0.05,0.9,0.05,0.8,0.14,0.7,115890.1990625,0.4813008574003115
boids_multi,0.05,0.9,0.05,0.8,0.14,0.8,115996.83296875,0.4814696060497509
boids_multi,0.05,0.9,0.05,0.8,0.14,0.9,116004.8753125,0.4814875043900513
boids_multi,0.05,0.9,0.05,0.8,0.2,0.7,116702.11625,0.4761597377438648
boids_multi,0.05,0.9,0.05,0.8,0.2,0.8,116833.41828125,0.47627438648748965
boids_multi,0.05,0.9,0.05,0.8,0.2,0.9,116856.15328125,0.47674772603725657
boids_multi,0.05,0.9,0.05,0.9,0.1,0.7,115034.545625,0.4824580437722103
boids_multi,0.05,0.9,0.05,0.9,0.1,0.8,115067.9728125,0.48211708713264284
boids_multi,0.05,0.9,0.05,0.9,0.1,0.9,115094.0325,0.48124745566688204
boids_multi,0.05,0.9,0.05,0.9,0.14,0.7,115921.6503125,0.4817214876046353
boids_multi,0.05,0.9,0.05,0.9,0.14,0.8,116004.161875,0.4816723230003707
boids_multi,0.05,0.9,0.05,0.9,0.14,0.9,116087.68625,0.482103501413882
boids_multi,0.05,0.9,0.05,0.9,0.2,0.7,116605.7865625,0.47629901072140535
boids_multi,0.05,0.9,0.05,0.9,0.2,0.8,116832.561875,0.47615604078380236
boids_multi,0.05,0.9,0.05,0.9,0.2,0.9,116779.27125,0.47613782828521684
boids_multi,0.05,0.9,0.1,0.7,0.1,0.7,115173.4221875,0.47976177395075686
boids_multi,0.05,0.9,0.1,0.7,0.1,0.8,115214.98984375,0.4787010725901084
boids_multi,0.05,0.9,0.1,0.7,0.1,0.9,115311.66421875,0.4787732478415439
boids_multi,0.05,0.9,0.1,0.7,0.14,0.7,115641.79078125,0.47879587738810286
boids_multi,0.05,0.9,0.1,0.7,0.14,0.8,115652.0009375,0.47858024931404375
boids_multi,0.05,0.9,0.1,0.7,0.14,0.9,115668.10109375,0.47888270304822134
boids_multi,0.05,0.9,0.1,0.7,0.2,0.7,116665.86265625,0.4796814017397812
boids_multi,0.05,0.9,0.1,0.7,0.2,0.8,116731.83421875,0.47955482284766565
boids_multi,0.05,0.9,0.1,0.7,0.2,0.9,116857.14640625,0.4794621240404671
boids_multi,0.05,0.9,0.1,0.8,0.1,0.7,115241.19875,0.47972687898554356
boids_multi,0.05,0.9,0.1,0.8,0.1,0.8,115286.231875,0.4796104093433922
boids_multi,0.05,0.9,0.1,0.8,0.1,0.9,115388.64796875,0.4791957500175914
boids_multi,0.05,0.9,0.1,0.8,0.14,0.7,115710.499375,0.4790958999513349
boids_multi,0.05,0.9,0.1,0.8,0.14,0.8,115718.179375,0.4791052713563328
boids_multi,0.05,0.9,0.1,0.8,0.14,0.9,115881.5775,0.4798399407444902
boids_multi,0.05,0.9,0.1,0.8,0.2,0.7,116621.33453125,0.4807568193090473
boids_multi,0.05,0.9,0.1,0.8,0.2,0.8,116817.09,0.4802119809347054
boids_multi,0.05,0.9,0.1,0.8,0.2,0.9,116892.2396875,0.4802752107427881
boids_multi,0.05,0.9,0.1,0.9,0.1,0.7,115386.30390625,0.4806112095398797
boids_multi,0.05,0.9,0.1,0.9,0.1,0.8,115413.67765625,0.4789876345019976
boids_multi,0.05,0.9,0.1,0.9,0.1,0.9,115444.13328125,0.4795767176875487
boids_multi,0.05,0.9,0.1,0.9,0.14,0.7,115768.1709375,0.47932214246932076
boids_multi,0.05,0.9,0.1,0.9,0.14,0.8,115798.7925,0.47901887843655727
boids_multi,0.05,0.9,0.1,0.9,0.14,0.9,116093.124375,0.4805835665082608
boids_multi,0.05,0.9,0.1,0.9,0.2,0.7,116729.40484375,0.4812870811882162
boids_multi,0.05,0.9,0.1,0.9,0.2,0.8,116891.3846875,0.4808586364516701
boids_multi,0.05,0.9,0.1,0.9,0.2,0.9,116979.92,0.48006619272283674
boids_multi,0.05,0.9,0.2,0.7,0.1,0.7,116290.884375,0.47655282409916244
boids_multi,0.05,0.9,0.2,0.7,0.1,0.8,116244.7890625,0.4767719585538554
boids_multi,0.05,0.9,0.2,0.7,0.1,0.9,116255.62125,0.47691045332966836
boids_multi,0.05,0.9,0.2,0.7,0.14,0.7,117056.0209375,0.4793665484656158
boids_multi,0.05,0.9,0.2,0.7,0.14,0.8,117126.3225,0.4788279599260807
boids_multi,0.05,0.9,0.2,0.7,0.14,0.9,117209.1153125,0.4786184560497271
boids_multi,0.05,0.9,0.2,0.7,0.2,0.7,117729.79859375,0.47912515501987335
boids_multi,0.05,0.9,0.2,0.7,0.2,0.8,117953.586875,0.47833433334251474
boids_multi,0.05,0.9,0.2,0.7,0.2,0.9,117775.71546875,0.47898865983934236
boids_multi,0.05,0.9,0.2,0.8,0.1,0.7,116633.5628125,0.4758847546581771
boids_multi,0.05,0.9,0.2,0.8,0.1,0.8,116773.78375,0.47639966486566465
boids_multi,0.05,0.9,0.2,0.8,0.1,0.9,116671.72828125,0.47625519136856276
boids_multi,0.05,0.9,0.2,0.8,0.14,0.7,117238.054375,0.4787592274458317
boids_multi,0.05,0.9,0.2,0.8,0.14,0.8,117347.26828125,0.47757741673994114
boids_multi,0.05,0.9,0.2,0.8,0.14,0.9,117431.95984375,0.47972115955191624
boids_multi,0.05,0.9,0.2,0.8,0.2,0.7,117945.89109375,0.4782217064897077
boids_multi,0.05,0.9,0.2,0.8,0.2,0.8,118238.066875,0.47815355346890426
boids_multi,0.05,0.9,0.2,0.8,0.2,0.9,117903.051875,0.47890646681975324
boids_multi,0.05,0.9,0.2,0.9,0.1,0.7,116923.85703125,0.47588031045898005
boids_multi,0.05,0.9,0.2,0.9,0.1,0.8,116959.348125,0.47549923619600937
boids_multi,0.05,0.9,0.2,0.9,0.1,0.9,117043.82828125,0.47469582603382554
boids_multi,0.05,0.9,0.2,0.9,0.14,0.7,117494.62203125,0.4773734092602942
boids_multi,0.05,0.9,0.2,0.9,0.14,0.8,117650.9446875,0.4794946306992265
boids_multi,0.05,0.9,0.2,0.9,0.14,0.9,117828.3521875,0.47865413850337274
boids_multi,0.05,0.9,0.2,0.9,0.2,0.7,118218.615625,0.4787765259765491
boids_multi,0.05,0.9,0.2,0.9,0.2,0.8,118265.09890625,0.47939311185631356
boids_multi,0.05,0.9,0.2,0.9,0.2,0.9,118386.214375,0.4786817510233438
boids_multi,0.1,0.7,0.05,0.7,0.1,0.7,114719.85203125,0.4842915817060844
boids_multi,0.1,0.7,0.05,0.7,0.1,0.8,114593.71359375,0.4839342767762676
boids_multi,0.1,0.7,0.05,0.7,0.1,0.9,114634.14546875,0.48425426704936214
boids_multi,0.1,0.7,0.05,0.7,0.14,0.7,115188.8346875,0.4828603821946803
boids_multi,0.1,0.7,0.05,0.7,0.14,0.8,115318.98546875,0.4825293305515947
boids_multi,0.1,0.7,0.05,0.7,0.14,0.9,115625.76546875,0.4820425774439312
boids_multi,0.1,0.7,0.05,0.7,0.2,0.7,115797.50421875,0.4834562798127991
boids_multi,0.1,0.7,0.05,0.7,0.2,0.8,115773.17796875,0.4833108302641937
boids_multi,0.1,0.7,0.05,0.7,0.2,0.9,116023.30609375,0.4830030010705321
boids_multi,0.1,0.7,0.05,0.8,0.1,0.7,114557.8725,0.48425780640530197
boids_multi,0.1,0.7,0.05,0.8,0.1,0.8,114638.7734375,0.484040383297254
boids_multi,0.1,0.7,0.05,0.8,0.1,0.9,114527.92984375,0.48411966956289065
boids_multi,0.1,0.7,0.05,0.8,0.14,0.7,115218.66171875,0.4824365032124043
boids_multi,0.1,0.7,0.05,0.8,0.14,0.8,115343.2015625,0.4825990668928359
boids_multi,0.1,0.7,0.05,0.8,0.14,0.9,115637.2771875,0.4814820558769626
boids_multi,0.1,0.7,0.05,0.8,0.2,0.7,115708.644375,0.48287680961596685
boids_multi,0.1,0.7,0.05,0.8,0.2,0.8,115727.2634375,0.4826010816258613
boids_multi,0.1,0.7,0.05,0.8,0.2,0.9,115979.058125,0.4823760833851151
boids_multi,0.1,0.7,0.05,0.9,0.1,0.7,114580.71515625,0.48453132728196735
boids_multi,0.1,0.7,0.05,0.9,0.1,0.8,114854.57390625,0.4839546272126578
boids_multi,0.1,0.7,0.05,0.9,0.1,0.9,114818.9290625,0.4839728249243022
boids_multi,0.1,0.7,0.05,0.9,0.14,0.7,115296.03203125,0.4817905144917796
boids_multi,0.1,0.7,0.05,0.9,0.14,0.8,115394.42125,0.4820728153334898
boids_multi,0.1,0.7,0.05,0.9,0.14,0.9,115338.56125,0.48257747236468257
boids_multi,0.1,0.7,0.05,0.9,0.2,0.7,115698.6984375,0.48260207606702843
boids_multi,0.1,0.7,0.05,0.9,0.2,0.8,115901.28984375,0.4818444805531144
boids_multi,0.1,0.7,0.05,0.9,0.2,0.9,116018.1096875,0.48315015254514193
boids_multi,0.1,0.7,0.1,0.7,0.1,0.7,114975.49109375,0.48902937488549
boids_multi,0.1,0.7,0.1,0.7,0.1,0.8,115119.6359375,0.4877894869795437
boids_multi,0.1,0.7,0.1,0.7,0.1,0.9,115181.80640625,0.48734422401812805
boids_multi,0.1,0.7,0.1,0.7,0.14,0.7,114940.08,0.48894834699700773
boids_multi,0.1,0.7,0.1,0.7,0.14,0.8,115099.53125,0.4874449130477514
boids_multi,0.1,0.7,0.1,0.7,0.14,0.9,115007.3303125,0.48850458940294955
boids_multi,0.1,0.7,0.1,0.7,0.2,0.7,116134.0075,0.4840034662244099
boids_multi,0.1,0.7,0.1,0.7,0.2,0.8,116279.22796875,0.48522975337199237
boids_multi,0.1,0.7,0.1,0.7,0.2,0.9,116615.066875,0.4842020444016751
boids_multi,0.1,0.7,0.1,0.8,0.1,0.7,115037.03703125,0.48843694175705465
boids_multi,0.1,0.7,0.1,0.8,0.1,0.8,114947.7465625,0.4883516339040266
boids_multi,0.1,0.7,0.1,0.8,0.1,0.9,115265.458125,0.48765750831948323
boids_multi,0.1,0.7,0.1,0.8,0.14,0.7,114794.75578125,0.49031877578896454
boids_multi,0.1,0.7,0.1,0.8,0.14,0.8,115123.789375,0.48944806529983403
boids_multi,0.1,0.7,0.1,0.8,0.14,0.9,115418.6121875,0.48820648398935274
boids_multi,0.1,0.7,0.1,0.8,0.2,0.7,116216.16859375,0.48619625738807665
boids_multi,0.1,0.7,0.1,0.8,0.2,0.8,116500.03515625,0.48485905969605925
boids_multi,0.1,0.7,0.1,0.8,0.2,0.9,116597.39640625,0.48646269356393246
boids_multi,0.1,0.7,0.1,0.9,0.1,0.7,115115.50234375,0.4872355747649379
boids_multi,0.1,0.7,0.1,0.9,0.1,0.8,115430.11,0.4873188422652737
boids_multi,0.1,0.7,0.1,0.9,0.1,0.9,115313.74203125,0.4875228515234486
boids_multi,0.1,0.7,0.1,0.9,0.14,0.7,115110.44515625,0.48754152580448445
boids_multi,0.1,0.7,0.1,0.9,0.14,0.8,115293.11765625,0.48761480559782067
boids_multi,0.1,0.7,0.1,0.9,0.14,0.9,115269.58703125,0.486812844213365
boids_multi,0.1,0.7,0.1,0.9,0.2,0.7,116420.3584375,0.48581366388873737
boids_multi,0.1,0.7,0.1,0.9,0.2,0.8,116525.4409375,0.48653694758244526
boids_multi,0.1,0.7,0.1,0.9,0.2,0.9,116649.028125,0.48661178387276943
boids_multi,0.1,0.7,0.2,0.7,0.1,0.7,115577.38546875,0.48800270029703624
boids_multi,0.1,0.7,0.2,0.7,0.1,0.8,115786.0040625,0.4867074931300841
boids_multi,0.1,0.7,0.2,0.7,0.1,0.9,116219.71546875,0.48821074148743776
boids_multi,0.1,0.7,0.2,0.7,0.14,0.7,116513.16671875,0.48514058853036607
boids_multi,0.1,0.7,0.2,0.7,0.14,0.8,116548.8096875,0.4852907948527287
boids_multi,0.1,0.7,0.2,0.7,0.14,0.9,116586.39453125,0.4833092285252187
boids_multi,0.1,0.7,0.2,0.7,0.2,0.7,117563.7159375,0.48078238984299654
boids_multi,0.1,0.7,0.2,0.7,0.2,0.8,117750.07171875,0.4821508165761451
boids_multi,0.1,0.7,0.2,0.7,0.2,0.9,117931.0478125,0.47851061545330853
boids_multi,0.1,0.7,0.2,0.8,0.1,0.7,116181.36234375,0.48568942011968935
boids_multi,0.1,0.7,0.2,0.8,0.1,0.8,116455.5559375,0.48677356374846675
boids_multi,0.1,0.7,0.2,0.8,0.1,0.9,116414.75546875,0.4884741419426607
boids_multi,0.1,0.7,0.2,0.8,0.14,0.7,116548.1790625,0.4842910884860076
boids_multi,0.1,0.7,0.2,0.8,0.14,0.8,117004.56875,0.48182166652070557
boids_multi,0.1,0.7,0.2,0.8,0.14,0.9,116548.19625,0.48086753837125795
boids_multi,0.1,0.7,0.2,0.8,0.2,0.7,117572.8896875,0.48190371300696094
boids_multi,0.1,0.7,0.2,0.8,0.2,0.8,117801.19609375,0.4833160343418673
boids_multi,0.1,0.7,0.2,0.8,0.2,0.9,117829.30078125,0.48153817686947753
boids_multi,0.1,0.7,0.2,0.9,0.1,0.7,116291.980625,0.4885740284118771
boids_multi,0.1,0.7,0.2,0.9,0.1,0.8,116566.06453125,0.48688546316386094
boids_multi,0.1,0.7,0.2,0.9,0.1,0.9,117151.78921875,0.48480425528257665
boids_multi,0.1,0.7,0.2,0.9,0.14,0.7,117076.424375,0.4837170525350314
boids_multi,0.1,0.7,0.2,0.9,0.14,0.8,116940.695625,0.4816056307365879
boids_multi,0.1,0.7,0.2,0.9,0.14,0.9,116878.60671875,0.4833610141074141
boids_multi,0.1,0.7,0.2,0.9,0.2,0.7,117772.58828125,0.48557850796348484
boids_multi,0.1,0.7,0.2,0.9,0.2,0.8,117785.71171875,0.48404163502500497
boids_multi,0.1,0.7,0.2,0.9,0.2,0.9,117871.25609375,0.48274871183372164
boids_multi,0.1,0.8,0.05,0.7,0.1,0.7,115070.6740625,0.48180711243516333
boids_multi,0.1,0.8,0.05,0.7,0.1,0.8,115190.77578125,0.4823826275961048
boids_multi,0.1,0.8,0.05,0.7,0.1,0.9,115288.685,0.48209179583987166
boids_multi,0.1,0.8,0.05,0.7,0.14,0.7,115283.4834375,0.48228863647802567
boids_multi,0.1,0.8,0.05,0.7,0.14,0.8,115366.8621875,0.48190050034795384
boids_multi,0.1,0.8,0.05,0.7,0.14,0.9,115363.5621875,0.4818424683715512
boids_multi,0.1,0.8,0.05,0.7,0.2,0.7,116225.29625,0.4810906817716338
boids_multi,0.1,0.8,0.05,0.7,0.2,0.8,116523.819375,0.4820780036257058
boids_multi,0.1,0.8,0.05,0.7,0.2,0.9,116690.76125,0.4825935704424573
boids_multi,0.1,0.8,0.05,0.8,0.1,0.7,115044.9196875,0.4830523867781285
boids_multi,0.1,0.8,0.05,0.8,0.1,0.8,115054.18390625,0.4834186322967768
boids_multi,0.1,0.8,0.05,0.8,0.1,0.9,115080.11546875,0.4823201917143157
boids_multi,0.1,0.8,0.05,0.8,0.14,0.7,115566.42234375,0.48295755840968063
boids_multi,0.1,0.8,0.05,0.8,0.14,0.8,115630.20984375,0.48132992511793743
boids_multi,0.1,0.8,0.05,0.8,0.14,0.9,115760.2640625,0.481957940367969
boids_multi,0.1,0.8,0.05,0.8,0.2,0.7,116536.86015625,0.48327459168286935
boids_multi,0.1,0.8,0.05,0.8,0.2,0.8,116466.7121875,0.4842660561887465
boids_multi,0.1,0.8,0.05,0.8,0.2,0.9,116789.81609375,0.4839925578289323
boids_multi,0.1,0.8,0.05,0.9,0.1,0.7,115097.993125,0.4832202382894755
boids_multi,0.1,0.8,0.05,0.9,0.1,0.8,115172.00125,0.4848072081735918
boids_multi,0.1,0.8,0.05,0.9,0.1,0.9,115135.686875,0.4836135861115855
boids_multi,0.1,0.8,0.05,0.9,0.14,0.7,115520.45359375,0.4821757761312484
boids_multi,0.1,0.8,0.05,0.9,0.14,0.8,115615.8109375,0.4811695675388146
boids_multi,0.1,0.8,0.05,0.9,0.14,0.9,116005.7603125,0.48123545060743367
boids_multi,0.1,0.8,0.05,0.9,0.2,0.7,116531.2303125,0.4814498007326256
boids_multi,0.1,0.8,0.05,0.9,0.2,0.8,116772.28890625,0.4816447709398184
boids_multi,0.1,0.8,0.05,0.9,0.2,0.9,116843.68296875,0.4814066022453283
boids_multi,0.1,0.8,0.1,0.7,0.1,0.7,115072.7078125,0.48934349565967616
boids_multi,0.1,0.8,0.1,0.7,0.1,0.8,115414.1321875,0.48891928039443605
boids_multi,0.1,0.8,0.1,0.7,0.1,0.9,115568.63171875,0.48718710259010806
boids_multi,0.1,0.8,0.1,0.7,0.14,0.7,115450.39703125,0.48863472147153486
boids_multi,0.1,0.8,0.1,0.7,0.14,0.8,115569.013125,0.48669115153057035
boids_multi,0.1,0.8,0.1,0.7,0.14,0.9,115625.75984375,0.48679887235340097
boids_multi,0.1,0.8,0.1,0.7,0.2,0.7,116611.3084375,0.48567692351763314
boids_multi,0.1,0.8,0.1,0.7,0.2,0.8,116830.66734375,0.4845409762769717
boids_multi,0.1,0.8,0.1,0.7,0.2,0.9,116820.4390625,0.485456013062276
boids_multi,0.1,0.8,0.1,0.8,0.1,0.7,115513.2721875,0.4868817529570974
boids_multi,0.1,0.8,0.1,0.8,0.1,0.8,115499.9028125,0.48567324234785736
boids_multi,0.1,0.8,0.1,0.8,0.1,0.9,115538.33953125,0.48825187353901534
boids_multi,0.1,0.8,0.1,0.8,0.14,0.7,115671.463125,0.4860020997215606
boids_multi,0.1,0.8,0.1,0.8,0.14,0.8,115736.9678125,0.48637787995861365
boids_multi,0.1,0.8,0.1,0.8,0.14,0.9,115765.73265625,0.48608818311206453
boids_multi,0.1,0.8,0.1,0.8,0.2,0.7,116919.58375,0.4860561019258299
boids_multi,0.1,0.8,0.1,0.8,0.2,0.8,116898.3496875,0.4853600579614808
boids_multi,0.1,0.8,0.1,0.8,0.2,0.9,117051.58328125,0.48420807031996643
boids_multi,0.1,0.8,0.1,0.9,0.1,0.7,115619.2009375,0.4862120090340234
boids_multi,0.1,0.8,0.1,0.9,0.1,0.8,115773.40359375,0.48626768051105707
boids_multi,0.1,0.8,0.1,0.9,0.1,0.9,115750.79578125,0.4874353471694318
boids_multi,0.1,0.8,0.1,0.9,0.14,0.7,115613.9921875,0.48733123739691364
boids_multi,0.1,0.8,0.1,0.9,0.14,0.8,115806.48296875,0.4862457432576202
boids_multi,0.1,0.8,0.1,0.9,0.14,0.9,116042.4925,0.487388652934188
boids_multi,0.1,0.8,0.1,0.9,0.2,0.7,116752.5209375,0.4853852649932026
boids_multi,0.1,0.8,0.1,0.9,0.2,0.8,116771.5640625,0.4860610161681728
boids_multi,0.1,0.8,0.1,0.9,0.2,0.9,117300.65296875,0.4857422269718255
boids_multi,0.1,0.8,0.2,0.7,0.1,0.7,116336.576875,0.4850116995741322
boids_multi,0.1,0.8,0.2,0.7,0.1,0.8,116533.67015625,0.48630481740108983
boids_multi,0.1,0.8,0.2,0.7,0.1,0.9,116522.69078125,0.48460534526574706
boids_multi,0.1,0.8,0.2,0.7,0.14,0.7,116917.259375,0.48657950804508027
boids_multi,0.1,0.8,0.2,0.7,0.14,0.8,117218.6446875,0.4837083730205532
boids_multi,0.1,0.8,0.2,0.7,0.14,0.9,117027.236875,0.482225163843198
boids_multi,0.1,0.8,0.2,0.7,0.2,0.7,117900.158125,0.47959946891731386
boids_multi,0.1,0.8,0.2,0.7,0.2,0.8,117994.46203125,0.4798297132483374
boids_multi,0.1,0.8,0.2,0.7,0.2,0.9,118396.7003125,0.48019604021682083
boids_multi,0.1,0.8,0.2,0.8,0.1,0.7,116794.8159375,0.48529215292426686
boids_multi,0.1,0.8,0.2,0.8,0.1,0.8,116755.5975,0.4843469701130519
boids_multi,0.1,0.8,0.2,0.8,0.1,0.9,116829.79921875,0.4851274689630408
boids_multi,0.1,0.8,0.2,0.8,0.14,0.7,116889.17453125,0.48407083649373733
boids_multi,0.1,0.8,0.2,0.8,0.14,0.8,117201.89859375,0.4828269786058483
boids_multi,0.1,0.8,0.2,0.8,0.14,0.9,117283.22609375,0.48659400168340156
boids_multi,0.1,0.8,0.2,0.8,0.2,0.7,118373.82359375,0.4824837984623656
boids_multi,0.1,0.8,0.2,0.8,0.2,0.8,118572.55765625,0.4811814601363939
boids_multi,0.1,0.8,0.2,0.8,0.2,0.9,118553.76109375,0.4811414659136193
boids_multi,0.1,0.8,0.2,0.9,0.1,0.7,117261.3571875,0.4849023196297689
boids_multi,0.1,0.8,0.2,0.9,0.1,0.8,117611.23875,0.48537090506880465
boids_multi,0.1,0.8,0.2,0.9,0.1,0.9,117276.00953125,0.48513950462755107
boids_multi,0.1,0.8,0.2,0.9,0.14,0.7,117444.9784375,0.4828857585166694
boids_multi,0.1,0.8,0.2,0.9,0.14,0.8,117308.36734375,0.4830350858574933
boids_multi,0.1,0.8,0.2,0.9,0.14,0.9,117721.35625,0.48234580119098314
boids_multi,0.1,0.8,0.2,0.9,0.2,0.7,118630.1103125,0.48537229076655874
boids_multi,0.1,0.8,0.2,0.9,0.2,0.8,118956.49328125,0.4819742942877868
boids_multi,0.1,0.8,0.2,0.9,0.2,0.9,118975.62890625,0.4858723074279728
boids_multi,0.1,0.9,0.05,0.7,0.1,0.7,115583.3203125,0.48193833702988675
boids_multi,0.1,0.9,0.05,0.7,0.1,0.8,115685.04953125,0.4820515725346216
boids_multi,0.1,0.9,0.05,0.7,0.1,0.9,115860.886875,0.4801994127482007
boids_multi,0.1,0.9,0.05,0.7,0.14,0.7,115841.9878125,0.4810900530508219
boids_multi,0.1,0.9,0.05,0.7,0.14,0.8,115967.88765625,0.4802820493046865
boids_multi,0.1,0.9,0.05,0.7,0.14,0.9,116059.42328125,0.4795013406280173
boids_multi,0.1,0.9,0.05,0.7,0.2,0.7,116786.838125,0.4814807956216978
boids_multi,0.1,0.9,0.05,0.7,0.2,0.8,116810.704375,0.47988232244461265
boids_multi,0.1,0.9,0.05,0.7,0.2,0.9,116920.23828125,0.4810962618152162
boids_multi,0.1,0.9,0.05,0.8,0.1,0.7,115803.0059375,0.48175755855136193
boids_multi,0.1,0.9,0.05,0.8,0.1,0.8,115944.1403125,0.4818050534072966
boids_multi,0.1,0.9,0.05,0.8,0.1,0.9,116019.4621875,0.48003893480910476
boids_multi,0.1,0.9,0.05,0.8,0.14,0.7,116001.48890625,0.48190318884037053
boids_multi,0.1,0.9,0.05,0.8,0.14,0.8,116181.30421875,0.48197425987867043
boids_multi,0.1,0.9,0.05,0.8,0.14,0.9,116397.715625,0.4813412589015047
boids_multi,0.1,0.9,0.05,0.8,0.2,0.7,116989.9809375,0.4793656582260774
boids_multi,0.1,0.9,0.05,0.8,0.2,0.8,117302.95765625,0.4797747637508661
boids_multi,0.1,0.9,0.05,0.8,0.2,0.9,116974.09140625,0.4787752199053297
boids_multi,0.1,0.9,0.05,0.9,0.1,0.7,115989.81734375,0.4831819122020798
boids_multi,0.1,0.9,0.05,0.9,0.1,0.8,116033.02703125,0.48307002494458395
boids_multi,0.1,0.9,0.05,0.9,0.1,0.9,115985.96984375,0.4812670006710753
boids_multi,0.1,0.9,0.05,0.9,0.14,0.7,115992.34171875,0.48150554662734335
boids_multi,0.1,0.9,0.05,0.9,0.14,0.8,116254.16,0.4808079006646494
boids_multi,0.1,0.9,0.05,0.9,0.14,0.9,116275.20109375,0.4800935390593085
boids_multi,0.1,0.9,0.05,0.9,0.2,0.7,117052.10890625,0.48049515910702617
boids_multi,0.1,0.9,0.05,0.9,0.2,0.8,117378.34046875,0.4801190276047791
boids_multi,0.1,0.9,0.05,0.9,0.2,0.9,117327.48109375,0.47996258477520265
boids_multi,0.1,0.9,0.1,0.7,0.1,0.7,116181.311875,0.48226868124561406
boids_multi,0.1,0.9,0.1,0.7,0.1,0.8,116335.516875,0.482618937025175
boids_multi,0.1,0.9,0.1,0.7,0.1,0.9,116176.41328125,0.48394205049727085
boids_multi,0.1,0.9,0.1,0.7,0.14,0.7,115600.6596875,0.48603540543009316
boids_multi,0.1,0.9,0.1,0.7,0.14,0.8,116228.93046875,0.48507874607218937
boids_multi,0.1,0.9,0.1,0.7,0.14,0.9,116138.07875,0.4860525931357309
boids_multi,0.1,0.9,0.1,0.7,0.2,0.7,117240.663125,0.48290920844708773
boids_multi,0.1,0.9,0.1,0.7,0.2,0.8,117592.11515625,0.48310213875102936
boids_multi,0.1,0.9,0.1,0.7,0.2,0.9,117755.36515625,0.48321709958188674
boids_multi,0.1,0.9,0.1,0.8,0.1,0.7,116150.65734375,0.4833043179973743
boids_multi,0.1,0.9,0.1,0.8,0.1,0.8,116135.3628125,0.483894873607019
boids_multi,0.1,0.9,0.1,0.8,0.1,0.9,116519.5215625,0.4839882366363712
boids_multi,0.1,0.9,0.1,0.8,0.14,0.7,115963.07109375,0.4858764621699268
boids_multi,0.1,0.9,0.1,0.8,0.14,0.8,115995.339375,0.48554116388798496
boids_multi,0.1,0.9,0.1,0.8,0.14,0.9,115945.514375,0.48661254435306533
boids_multi,0.1,0.9,0.1,0.8,0.2,0.7,117667.98125,0.48109648508034225
boids_multi,0.1,0.9,0.1,0.8,0.2,0.8,117620.37484375,0.48414486265230655
boids_multi,0.1,0.9,0.1,0.8,0.2,0.9,117717.736875,0.4817057734076354
boids_multi,0.1,0.9,0.1,0.9,0.1,0.7,116450.45546875,0.4842213951910159
boids_multi,0.1,0.9,0.1,0.9,0.1,0.8,116605.8484375,0.48566422243541657
boids_multi,0.1,0.9,0.1,0.9,0.1,0.9,116610.23140625,0.48457252153011154
boids_multi,0.1,0.9,0.1,0.9,0.14,0.7,116448.884375,0.48531268683576867
boids_multi,0.1,0.9,0.1,0.9,0.14,0.8,116505.518125,0.48669926604685704
boids_multi,0.1,0.9,0.1,0.9,0.14,0.9,116307.1665625,0.4857996515410365
boids_multi,0.1,0.9,0.1,0.9,0.2,0.7,117639.0634375,0.4826628812576721
boids_multi,0.1,0.9,0.1,0.9,0.2,0.8,117779.64328125,0.48257989438392856
boids_multi,0.1,0.9,0.1,0.9,0.2,0.9,117833.30140625,0.48085624021224915
boids_multi,0.1,0.9,0.2,0.7,0.1,0.7,116940.74921875,0.48470625842446274
boids_multi,0.1,0.9,0.2,0.7,0.1,0.8,117394.27078125,0.4847735057448181
boids_multi,0.1,0.9,0.2,0.7,0.1,0.9,117073.97640625,0.4849924928396982
boids_multi,0.1,0.9,0.2,0.7,0.14,0.7,117361.6240625,0.48494371535380637
boids_multi,0.1,0.9,0.2,0.7,0.14,0.8,117347.95453125,0.48617793464530606
boids_multi,0.1,0.9,0.2,0.7,0.14,0.9,117770.76,0.48161936108229403
boids_multi,0.1,0.9,0.2,0.7,0.2,0.7,118768.83703125,0.47984794827284005
boids_multi,0.1,0.9,0.2,0.7,0.2,0.8,118831.680625,0.47888050367763235
boids_multi,0.1,0.9,0.2,0.7,0.2,0.9,118720.83609375,0.48080213665055266
boids_multi,0.1,0.9,0.2,0.8,0.1,0.7,117327.763125,0.4864100641055509
boids_multi,0.1,0.9,0.2,0.8,0.1,0.8,117340.691875,0.48522665059346126
boids_multi,0.1,0.9,0.2,0.8,0.1,0.9,117806.71953125,0.4842857666439939
boids_multi,0.1,0.9,0.2,0.8,0.14,0.7,118085.80546875,0.4835711669011477
boids_multi,0.1,0.9,0.2,0.8,0.14,0.8,118001.4646875,0.483785321582863
boids_multi,0.1,0.9,0.2,0.8,0.14,0.9,118168.49328125,0.4846286952973044
boids_multi,0.1,0.9,0.2,0.8,0.2,0.7,118507.69625,0.4809802259718541
boids_multi,0.1,0.9,0.2,0.8,0.2,0.8,119009.31984375,0.48005111552449187
boids_multi,0.1,0.9,0.2,0.8,0.2,0.9,118589.8809375,0.48333868060566587
boids_multi,0.1,0.9,0.2,0.9,0.1,0.7,118069.4825,0.4848116756558543
boids_multi,0.1,0.9,0.2,0.9,0.1,0.8,117988.84078125,0.48583605763216375
boids_multi,0.1,0.9,0.2,0.9,0.1,0.9,117931.6790625,0.4844706604771548
boids_multi,0.1,0.9,0.2,0.9,0.14,0.7,118286.59484375,0.4845859711603224
boids_multi,0.1,0.9,0.2,0.9,0.14,0.8,118417.9040625,0.4816665622461984
boids_multi,0.1,0.9,0.2,0.9,0.14,0.9,118899.39671875,0.4819363115575531
boids_multi,0.1,0.9,0.2,0.9,0.2,0.7,118958.675,0.48408206008547494
boids_multi,0.1,0.9,0.2,0.9,0.2,0.8,119599.858125,0.4832871355081471
boids_multi,0.1,0.9,0.2,0.9,0.2,0.9,119772.1934375,0.483467883953476
clutter,0.01,0.7,0.05,0.7,0.1,0.7,182490.5453125,0.8154340295391396
clutter,0.01,0.7,0.05,0.7,0.1,0.8,182535.3453125,0.8161840425703969
clutter,0.01,0.7,0.05,0.7,0.1,0.9,182545.1065625,0.817181633048511
clutter,0.01,0.7,0.05,0.7,0.14,0.7,183536.8565625,0.820285427435619
clutter,0.01,0.7,0.05,0.7,0.14,0.8,183758.2346875,0.8209125726127631
clutter,0.01,0.7,0.05,0.7,0.14,0.9,184240.3246875,0.818384302391959
clutter,0.01,0.7,0.05,0.7,0.2,0.7,185251.7484375,0.8161104153515103
clutter,0.01,0.7,0.05,0.7,0.2,0.8,185277.711875,0.8164333346730238
clutter,0.01,0.7,0.05,0.7,0.2,0.9,185371.3996875,0.8167900666489126
clutter,0.01,0.7,0.05,0.8,0.1,0.7,182376.8021875,0.8159070318158114
clutter,0.01,0.7,0.05,0.8,0.1,0.8,182396.5103125,0.8161935860842026
clutter,0.01,0.7,0.05,0.8,0.1,0.9,182416.565625,0.8172099582128405
clutter,0.01,0.7,0.05,0.8,0.14,0.7,183507.716875,0.8208927802966259
clutter,0.01,0.7,0.05,0.8,0.14,0.8,183631.6171875,0.8219014514643789
clutter,0.01,0.7,0.05,0.8,0.14,0.9,184173.086875,0.8184970139390846
clutter,0.01,0.7,0.05,0.8,0.2,0.7,185242.77625,0.8165872654465395
clutter,0.01,0.7,0.05,0.8,0.2,0.8,185299.6771875,0.8175620079588962
clutter,0.01,0.7,0.05,0.8,0.2,0.9,185330.82875,0.8173772297325591
clutter,0.01,0.7,0.05,0.9,0.1,0.7,182278.330625,0.8162727941388099
clutter,0.01,0.7,0.05,0.9,0.1,0.8,182308.115,0.8173003250578139
clutter,0.01,0.7,0.05,0.9,0.1,0.9,182318.2884375,0.8177665163952453
clutter,0.01,0.7,0.05,0.9,0.14,0.7,183465.7315625,0.8207892980010679
clutter,0.01,0.7,0.05,0.9,0.14,0.8,183597.770625,0.8224444429669984
clutter,0.01,0.7,0.05,0.9,0.14,0.9,184117.058125,0.8191222038479702
clutter,0.01,0.7,0.05,0.9,0.2,0.7,185180.2253125,0.8175143360188153
clutter,0.01,0.7,0.05,0.9,0.2,0.8,185214.4475,0.817693675535608
clutter,0.01,0.7,0.05,0.9,0.2,0.9,185291.0265625,0.8180652989125882
clutter,0.01,0.7,0.1,0.7,0.1,0.7,181212.6775,0.8327087329157788
clutter,0.01,0.7,0.1,0.7,0.1,0.8,181267.7990625,0.8320535572989499
clutter,0.01,0.7,0.1,0.7,0.1,0.9,181315.2253125,0.8316268813961725
clutter,0.01,0.7,0.1,0.7,0.14,0.7,182604.0675,0.8268174821471476
clutter,0.01,0.7,0.1,0.7,0.14,0.8,182636.854375,0.8272325387698639
clutter,0.01,0.7,0.1,0.7,0.14,0.9,182716.35625,0.826114885430055
clutter,0.01,0.7,0.1,0.7,0.2,0.7,184108.18375,0.8262967881295615
clutter,0.01,0.7,0.1,0.7,0.2,0.8,184147.68875,0.8265014529761409
clutter,0.01,0.7,0.1,0.7,0.2,0.9,184220.4271875,0.8290359501696577
clutter,0.01,0.7,0.1,0.8,0.1,0.7,181223.32,0.8331230398688461
clutter,0.01,0.7,0.1,0.8,0.1,0.8,181281.63125,0.8338802096882525
clutter,0.01,0.7,0.1,0.8,0.1,0.9,181320.7578125,0.8340885821331738
clutter,0.01,0.7,0.1,0.8,0.14,0.7,182625.386875,0.8266323129748386
clutter,0.01,0.7,0.1,0.8,0.14,0.8,182668.6578125,0.8263525919187217
clutter,0.01,0.7,0.1,0.8,0.14,0.9,182728.3309375,0.8266031423027097
clutter,0.01,0.7,0.1,0.8,0.2,0.7,184043.065,0.8265171062639513
clutter,0.01,0.7,0.1,0.8,0.2,0.8,184115.905,0.8277306583319981
clutter,0.01,0.7,0.1,0.8,0.2,0.9,184197.2296875,0.828778315849062
clutter,0.01,0.7,0.1,0.9,0.1,0.7,181272.3603125,0.8326091993848936
clutter,0.01,0.7,0.1,0.9,0.1,0.8,181403.9878125,0.8318654291216364
clutter,0.01,0.7,0.1,0.9,0.1,0.9,181435.07625,0.8314569176502562
clutter,0.01,0.7,0.1,0.9,0.14,0.7,182701.8753125,0.8262123105589753
clutter,0.01,0.7,0.1,0.9,0.14,0.8,182684.111875,0.8292775744407725
clutter,0.01,0.7,0.1,0.9,0.14,0.9,182794.3471875,0.8278683122444828
clutter,0.01,0.7,0.1,0.9,0.2,0.7,183916.3621875,0.8298925061008424
clutter,0.01,0.7,0.1,0.9,0.2,0.8,184003.2065625,0.828565120464512
clutter,0.01,0.7,0.1,0.9,0.2,0.9,184070.1359375,0.8295596708564894
clutter,0.01,0.7,0.2,0.7,0.1,0.7,181972.5321875,0.8291258437740425
clutter,0.01,0.7,0.2,0.7,0.1,0.8,182004.98125,0.830892357782639
clutter,0.01,0.7,0.2,0.7,0.1,0.9,182111.3515625,0.8277724528995074
clutter,0.01,0.7,0.2,0.7,0.14,0.7,183481.405625,0.8165319694174511
clutter,0.01,0.7,0.2,0.7,0.14,0.8,183553.5696875,0.8168851906818992
clutter,0.01,0.7,0.2,0.7,0.14,0.9,183620.07875,0.8164143264666837
clutter,0.01,0.7,0.2,0.7,0.2,0.7,185675.596875,0.8187689406454589
clutter,0.01,0.7,0.2,0.7,0.2,0.8,185547.2565625,0.8196444238024505
clutter,0.01,0.7,0.2,0.7,0.2,0.9,185537.5809375,0.8178980928160107
clutter,0.01,0.7,0.2,0.8,0.1,0.7,182073.0003125,0.8277782959849814
clutter,0.01,0.7,0.2,0.8,0.1,0.8,182137.5240625,0.8282613423083481
clutter,0.01,0.7,0.2,0.8,0.1,0.9,182149.83625,0.8268851120561904
clutter,0.01,0.7,0.2,0.8,0.14,0.7,183703.200625,0.8195751080061612
clutter,0.01,0.7,0.2,0.8,0.14,0.8,183751.461875,0.8174448980641681
clutter,0.01,0.7,0.2,0.8,0.14,0.9,183804.6425,0.8153220039072633
clutter,0.01,0.7,0.2,0.8,0.2,0.7,185697.6375,0.8180111947327847
clutter,0.01,0.7,0.2,0.8,0.2,0.8,185764.4184375,0.8167988863562264
clutter,0.01,0.7,0.2,0.8,0.2,0.9,185901.5340625,0.8171023846283159
clutter,0.01,0.7,0.2,0.9,0.1,0.7,182217.61125,0.8277550542418232
clutter,0.01,0.7,0.2,0.9,0.1,0.8,182133.5084375,0.8284062916851039
clutter,0.01,0.7,0.2,0.9,0.1,0.9,182669.9253125,0.8256074107374165
clutter,0.01,0.7,0.2,0.9,0.14,0.7,183847.27875,0.8180473562503693
clutter,0.01,0.7,0.2,0.9,0.14,0.8,183786.5409375,0.8215862018129623
clutter,0.01,0.7,0.2,0.9,0.14,0.9,183778.5546875,0.8247170480640407
clutter,0.01,0.7,0.2,0.9,0.2,0.7,185791.37875,0.8186509008141992
clutter,0.01,0.7,0.2,0.9,0.2,0.8,185857.388125,0.8204131217834676
clutter,0.01,0.7,0.2,0.9,0.2,0.9,185963.6278125,0.8196651573215615
clutter,0.01,0.8,0.05,0.7,0.1,0.7,181729.19125,0.8177451919692319
clutter,0.01,0.8,0.05,0.7,0.1,0.8,181767.8878125,0.8184191053383875
clutter,0.01,0.8,0.05,0.7,0.1,0.9,181822.5646875,0.8188119668015926
clutter,0.01,0.8,0.05,0.7,0.14,0.7,182913.1803125,0.8240885749367196
clutter,0.01,0.8,0.05,0.7,0.14,0.8,183053.74875,0.8249216152281127
clutter,0.01,0.8,0.05,0.7,0.14,0.9,183557.0046875,0.8204958643601605
clutter,0.01,0.8,0.05,0.7,0.2,0.7,184704.7546875,0.8205993945201442
clutter,0.01,0.8,0.05,0.7,0.2,0.8,184756.045,0.82081998620236
clutter,0.01,0.8,0.05,0.7,0.2,0.9,184881.6246875,0.8202884229158005
clutter,0.01,0.8,0.05,0.8,0.1,0.7,181649.2065625,0.8184872395651094
clutter,0.01,0.8,0.05,0.8,0.1,0.8,181681.180625,0.8188842830785803
clutter,0.01,0.8,0.05,0.8,0.1,0.9,181685.371875,0.819094890030007
clutter,0.01,0.8,0.05,0.8,0.14,0.7,182869.0509375,0.8245639917954886
clutter,0.01,0.8,0.05,0.8,0.14,0.8,182965.5003125,0.8247263577756253
clutter,0.01,0.8,0.05,0.8,0.14,0.9,183401.8446875,0.8219018202746384
clutter,0.01,0.8,0.05,0.8,0.2,0.7,184611.970625,0.8213436378017481
clutter,0.01,0.8,0.05,0.8,0.2,0.8,184677.5521875,0.8212578750241211
clutter,0.01,0.8,0.05,0.8,0.2,0.9,184778.089375,0.8210879852572652
clutter,0.01,0.8,0.05,0.9,0.1,0.7,181637.4634375,0.819042802756111
clutter,0.01,0.8,0.05,0.9,0.1,0.8,181623.88125,0.8199682854421506
clutter,0.01,0.8,0.05,0.9,0.1,0.9,181617.430625,0.8203506793873895
clutter,0.01,0.8,0.05,0.9,0.14,0.7,182810.2490625,0.8239609792835405
clutter,0.01,0.8,0.05,0.9,0.14,0.8,182913.529375,0.8248259254432798
clutter,0.01,0.8,0.05,0.9,0.14,0.9,183378.283125,0.8220628157637229
clutter,0.01,0.8,0.05,0.9,0.2,0.7,184586.353125,0.8217766709607117
clutter,0.01,0.8,0.05,0.9,0.2,0.8,184693.201875,0.8217361853651053
clutter,0.01,0.8,0.05,0.9,0.2,0.9,184726.9140625,0.8209608568558832
clutter,0.01,0.8,0.1,0.7,0.1,0.7,180608.1553125,0.837094331147274
clutter,0.01,0.8,0.1,0.7,0.1,0.8,180573.7471875,0.834979133473069
clutter,0.01,0.8,0.1,0.7,0.1,0.9,180682.2890625,0.8345231448845476
clutter,0.01,0.8,0.1,0.7,0.14,0.7,182020.44125,0.8306066411186691
clutter,0.01,0.8,0.1,0.7,0.14,0.8,182055.6134375,0.8314631819871052
clutter,0.01,0.8,0.1,0.7,0.14,0.9,182080.1821875,0.8317811575316668
clutter,0.01,0.8,0.1,0.7,0.2,0.7,183498.763125,0.8299927034392595
clutter,0.01,0.8,0.1,0.7,0.2,0.8,183519.5009375,0.8307446513771315
clutter,0.01,0.8,0.1,0.7,0.2,0.9,183572.8515625,0.8308481725954167
clutter,0.01,0.8,0.1,0.8,0.1,0.7,180560.49625,0.8360686355590701
clutter,0.01,0.8,0.1,0.8,0.1,0.8,180646.909375,0.8358768591807576
clutter,0.01,0.8,0.1,0.8,0.1,0.9,180658.2996875,0.8362348118159959
clutter,0.01,0.8,0.1,0.8,0.14,0.7,182059.4621875,0.8310233780658122
clutter,0.01,0.8,0.1,0.8,0.14,0.8,182146.8959375,0.8315103914162202
clutter,0.01,0.8,0.1,0.8,0.14,0.9,182185.25125,0.8311379858967688
clutter,0.01,0.8,0.1,0.8,0.2,0.7,183532.439375,0.8299244498359095
clutter,0.01,0.8,0.1,0.8,0.2,0.8,183554.670625,0.8306079377798121
clutter,0.01,0.8,0.1,0.8,0.2,0.9,183549.000625,0.8315543821541652
clutter,0.01,0.8,0.1,0.9,0.1,0.7,180656.4721875,0.8358242186817261
clutter,0.01,0.8,0.1,0.9,0.1,0.8,180660.121875,0.8354201978968863
clutter,0.01,0.8,0.1,0.9,0.1,0.9,180707.24875,0.8357140978636085
clutter,0.01,0.8,0.1,0.9,0.14,0.7,182057.814375,0.8315222664949399
clutter,0.01,0.8,0.1,0.9,0.14,0.8,182160.744375,0.830934394031192
clutter,0.01,0.8,0.1,0.9,0.14,0.9,182287.0953125,0.8324588999939196
clutter,0.01,0.8,0.1,0.9,0.2,0.7,183471.938125,0.8303586886527734
clutter,0.01,0.8,0.1,0.9,0.2,0.8,183594.429375,0.8308451355304713
clutter,0.01,0.8,0.1,0.9,0.2,0.9,183603.845,0.8319174106617854
clutter,0.01,0.8,0.2,0.7,0.1,0.7,181333.0734375,0.8337706566374135
clutter,0.01,0.8,0.2,0.7,0.1,0.8,181296.09125,0.8316220407405618
clutter,0.01,0.8,0.2,0.7,0.1,0.9,181374.6775,0.8362897956140953
clutter,0.01,0.8,0.2,0.7,0.14,0.7,183142.1015625,0.8209567592797452
clutter,0.01,0.8,0.2,0.7,0.14,0.8,183062.578125,0.8223821037723441
clutter,0.01,0.8,0.2,0.7,0.14,0.9,183144.793125,0.8230824568733962
clutter,0.01,0.8,0.2,0.7,0.2,0.7,185049.40375,0.8235858629887851
clutter,0.01,0.8,0.2,0.7,0.2,0.8,185100.2065625,0.8256316887998071
clutter,0.01,0.8,0.2,0.7,0.2,0.9,184950.8246875,0.8251753361366694
clutter,0.01,0.8,0.2,0.8,0.1,0.7,181455.151875,0.8348841975074045
clutter,0.01,0.8,0.2,0.8,0.1,0.8,181374.5128125,0.8326745856422374
clutter,0.01,0.8,0.2,0.8,0.1,0.9,181612.041875,0.8318622138630939
clutter,0.01,0.8,0.2,0.8,0.14,0.7,183188.6128125,0.822500474681804
clutter,0.01,0.8,0.2,0.8,0.14,0.8,183115.3246875,0.8220881357620945
clutter,0.01,0.8,0.2,0.8,0.14,0.9,183189.8690625,0.8219452403555895
clutter,0.01,0.8,0.2,0.8,0.2,0.7,185169.8296875,0.823684306119655
clutter,0.01,0.8,0.2,0.8,0.2,0.8,185110.116875,0.8203664511291305
clutter,0.01,0.8,0.2,0.8,0.2,0.9,185172.2715625,0.8230668540755418
clutter,0.01,0.8,0.2,0.9,0.1,0.7,181431.1725,0.8305131283709843
clutter,0.01,0.8,0.2,0.9,0.1,0.8,181668.7671875,0.8307673704414902
clutter,0.01,0.8,0.2,0.9,0.1,0.9,181801.1253125,0.8327216284045481
clutter,0.01,0.8,0.2,0.9,0.14,0.7,183333.4421875,0.8225226194657681
clutter,0.01,0.8,0.2,0.9,0.14,0.8,183232.235625,0.8234484863649267
clutter,0.01,0.8,0.2,0.9,0.14,0.9,183329.585,0.8220844395600037
clutter,0.01,0.8,0.2,0.9,0.2,0.7,185232.22,0.8176172697300846
clutter,0.01,0.8,0.2,0.9,0.2,0.8,185200.0390625,0.8241540639150994
clutter,0.01,0.8,0.2,0.9,0.2,0.9,185385.576875,0.8312433142057631
clutter,0.01,0.9,0.05,0.7,0.1,0.7,181057.52375,0.8194885992953526
clutter,0.01,0.9,0.05,0.7,0.1,0.8,181129.7434375,0.8199288219411794
clutter,0.01,0.9,0.05,0.7,0.1,0.9,181163.62,0.8203957846186346
clutter,0.01,0.9,0.05,0.7,0.14,0.7,182319.9878125,0.827485038951626
clutter,0.01,0.9,0.05,0.7,0.14,0.8,182441.323125,0.8267982459967561
clutter,0.01,0.9,0.05,0.7,0.14,0.9,182909.6375,0.823700474402887
clutter,0.01,0.9,0.05,0.7,0.2,0.7,184234.5278125,0.8242548803730781
clutter,0.01,0.9,0.05,0.7,0.2,0.8,184356.4878125,0.8245196447781526
clutter,0.01,0.9,0.05,0.7,0.2,0.9,184436.5096875,0.8229334558540251
clutter,0.01,0.9,0.05,0.8,0.1,0.7,180983.8571875,0.8211194509361391
clutter,0.01,0.9,0.05,0.8,0.1,0.8,181046.085625,0.8211175582626504
clutter,0.01,0.9,0.05,0.8,0.1,0.9,181031.8946875,0.8215298617176943
clutter,0.01,0.9,0.05,0.8,0.14,0.7,182245.14875,0.8272519240628694
clutter,0.01,0.9,0.05,0.8,0.14,0.8,182357.285,0.8279976758549615
clutter,0.01,0.9,0.05,0.8,0.14,0.9,182826.5553125,0.8248691661111289
clutter,0.01,0.9,0.05,0.8,0.2,0.7,184139.8325,0.82545568800736
clutter,0.01,0.9,0.05,0.8,0.2,0.8,184264.2234375,0.825113462149762
clutter,0.01,0.9,0.05,0.8,0.2,0.9,184356.170625,0.8248998505242006
clutter,0.01,0.9,0.05,0.9,0.1,0.7,180941.314375,0.8215364987400247
clutter,0.01,0.9,0.05,0.9,0.1,0.8,180948.7015625,0.8220449263606953
clutter,0.01,0.9,0.05,0.9,0.1,0.9,180994.851875,0.8226191368764578
clutter,0.01,0.9,0.05,0.9,0.14,0.7,182196.200625,0.8273962085551961
clutter,0.01,0.9,0.05,0.9,0.14,0.8,182326.486875,0.8289268242272526
clutter,0.01,0.9,0.05,0.9,0.14,0.9,182829.7825,0.8268884224287908
clutter,0.01,0.9,0.05,0.9,0.2,0.7,184142.6821875,0.8252101941410025
clutter,0.01,0.9,0.05,0.9,0.2,0.8,184195.1075,0.8258158308009661
clutter,0.01,0.9,0.05,0.9,0.2,0.9,184241.0365625,0.8257419220882215
clutter,0.01,0.9,0.1,0.7,0.1,0.7,180082.7978125,0.8379795882003138
clutter,0.01,0.9,0.1,0.7,0.1,0.8,180010.61,0.8386890826431411
clutter,0.01,0.9,0.1,0.7,0.1,0.9,180037.6321875,0.8379567774021623
clutter,0.01,0.9,0.1,0.7,0.14,0.7,181532.3134375,0.8322851188968202
clutter,0.01,0.9,0.1,0.7,0.14,0.8,181547.97875,0.8326544093249167
clutter,0.01,0.9,0.1,0.7,0.14,0.9,181584.1846875,0.8329608443771193
clutter,0.01,0.9,0.1,0.7,0.2,0.7,182963.3625,0.8333003803051041
clutter,0.01,0.9,0.1,0.7,0.2,0.8,182997.3778125,0.8340205976728094
clutter,0.01,0.9,0.1,0.7,0.2,0.9,183106.3146875,0.8353165071666967
clutter,0.01,0.9,0.1,0.8,0.1,0.7,180043.2309375,0.8390503861932851
clutter,0.01,0.9,0.1,0.8,0.1,0.8,180033.234375,0.8380428885294501
clutter,0.01,0.9,0.1,0.8,0.1,0.9,180091.8778125,0.837689355293231
clutter,0.01,0.9,0.1,0.8,0.14,0.7,181534.931875,0.8329072621924196
clutter,0.01,0.9,0.1,0.8,0.14,0.8,181626.8503125,0.8343346527311997
clutter,0.01,0.9,0.1,0.8,0.14,0.9,181655.9675,0.8338633276516887
clutter,0.01,0.9,0.1,0.8,0.2,0.7,183034.5578125,0.8335244177021756
clutter,0.01,0.9,0.1,0.8,0.2,0.8,183043.9034375,0.8337156924270727
clutter,0.01,0.9,0.1,0.8,0.2,0.9,183109.51625,0.8354908090822266
clutter,0.01,0.9,0.1,0.9,0.1,0.7,180041.2421875,0.8376840422512916
clutter,0.01,0.9,0.1,0.9,0.1,0.8,180085.6115625,0.8389565936625671
clutter,0.01,0.9,0.1,0.9,0.1,0.9,180127.440625,0.8388338404674485
clutter,0.01,0.9,0.1,0.9,0.14,0.7,181585.12875,0.8331413223875201
clutter,0.01,0.9,0.1,0.9,0.14,0.8,181590.99125,0.8329715849029867
clutter,0.01,0.9,0.1,0.9,0.14,0.9,181665.4659375,0.8336294033804929
clutter,0.01,0.9,0.1,0.9,0.2,0.7,182991.233125,0.834721151940332
clutter,0.01,0.9,0.1,0.9,0.2,0.8,183046.0334375,0.8351046966021077
clutter,0.01,0.9,0.1,0.9,0.2,0.9,183158.4784375,0.8349154134081457
clutter,0.01,0.9,0.2,0.7,0.1,0.7,180848.9190625,0.8338265563958093
clutter,0.01,0.9,0.2,0.7,0.1,0.8,180907.831875,0.834816793877438
clutter,0.01,0.9,0.2,0.7,0.1,0.9,180942.3196875,0.8349544189464353
clutter,0.01,0.9,0.2,0.7,0.14,0.7,182494.1421875,0.8265954199402664
clutter,0.01,0.9,0.2,0.7,0.14,0.8,182559.7284375,0.8224304464144794
clutter,0.01,0.9,0.2,0.7,0.14,0.9,182634.9390625,0.8239910897641852
clutter,0.01,0.9,0.2,0.7,0.2,0.7,184261.1990625,0.8278809887184373
clutter,0.01,0.9,0.2,0.7,0.2,0.8,184332.5865625,0.8245188818426876
clutter,0.01,0.9,0.2,0.7,0.2,0.9,184354.5715625,0.8307821723605531
clutter,0.01,0.9,0.2,0.8,0.1,0.7,180944.4915625,0.8359666792109383
clutter,0.01,0.9,0.2,0.8,0.1,0.8,180900.2871875,0.8342394366037148
clutter,0.01,0.9,0.2,0.8,0.1,0.9,181250.59125,0.8345527652800705
clutter,0.01,0.9,0.2,0.8,0.14,0.7,182615.6390625,0.8264050752194634
clutter,0.01,0.9,0.2,0.8,0.14,0.8,182450.63125,0.824670431145536
clutter,0.01,0.9,0.2,0.8,0.14,0.9,182771.1340625,0.8223718585567158
clutter,0.01,0.9,0.2,0.8,0.2,0.7,184448.0384375,0.8237687777284044
clutter,0.01,0.9,0.2,0.8,0.2,0.8,184557.521875,0.8247772788682668
clutter,0.01,0.9,0.2,0.8,0.2,0.9,184438.0303125,0.8245641393378884
clutter,0.01,0.9,0.2,0.9,0.1,0.7,181052.4853125,0.8346896235518031
clutter,0.01,0.9,0.2,0.9,0.1,0.8,181198.9034375,0.8343583301352138
clutter,0.01,0.9,0.2,0.9,0.1,0.9,181114.866875,0.8617791941798196
clutter,0.01,0.9,0.2,0.9,0.14,0.7,182391.80375,0.8260382096387165
clutter,0.01,0.9,0.2,0.9,0.14,0.8,182663.7825,0.8254420447496568
clutter,0.01,0.9,0.2,0.9,0.14,0.9,182714.90875,0.8235658885665589
clutter,0.01,0.9,0.2,0.9,0.2,0.7,184480.79125,0.8253284719903724
clutter,0.01,0.9,0.2,0.9,0.2,0.8,184542.9375,0.8273284494904287
clutter,0.01,0.9,0.2,0.9,0.2,0.9,184603.854375,0.8282628821593313
clutter,0.05,0.7,0.05,0.7,0.1,0.7,169895.7478125,0.8695057500791499
clutter,0.05,0.7,0.05,0.7,0.1,0.8,169847.0734375,0.8711031691750487
clutter,0.05,0.7,0.05,0.7,0.1,0.9,169740.8296875,0.8742087548403176
clutter,0.05,0.7,0.05,0.7,0.14,0.7,170521.9190625,0.8574024508223832
clutter,0.05,0.7,0.05,0.7,0.14,0.8,170554.1846875,0.8575924012172607
clutter,0.05,0.7,0.05,0.7,0.14,0.9,170720.02,0.8580210088198441
clutter,0.05,0.7,0.05,0.7,0.2,0.7,172335.2884375,0.8680519230027514
clutter,0.05,0.7,0.05,0.7,0.2,0.8,172375.9890625,0.8697492886995077
clutter,0.05,0.7,0.05,0.7,0.2,0.9,172566.9725,0.868728288741503
clutter,0.05,0.7,0.05,0.8,0.1,0.7,169831.601875,0.8708738055589593
clutter,0.05,0.7,0.05,0.8,0.1,0.8,169844.1234375,0.8722614450240899
clutter,0.05,0.7,0.05,0.8,0.1,0.9,169777.3115625,0.8738059639734864
clutter,0.05,0.7,0.05,0.8,0.14,0.7,170438.9303125,0.8570277571830612
clutter,0.05,0.7,0.05,0.8,0.14,0.8,170544.1925,0.8556595004259532
clutter,0.05,0.7,0.05,0.8,0.14,0.9,170580.5859375,0.8567625224220906
clutter,0.05,0.7,0.05,0.8,0.2,0.7,172455.648125,0.8693081702205577
clutter,0.05,0.7,0.05,0.8,0.2,0.8,172383.2859375,0.8714458815229048
clutter,0.05,0.7,0.05,0.8,0.2,0.9,172557.6884375,0.8713503786619111
clutter,0.05,0.7,0.05,0.9,0.1,0.7,169664.2053125,0.872902350349251
clutter,0.05,0.7,0.05,0.9,0.1,0.8,169668.8003125,0.8757488385087546
clutter,0.05,0.7,0.05,0.9,0.1,0.9,169733.4128125,0.8749723200643353
clutter,0.05,0.7,0.05,0.9,0.14,0.7,170165.6265625,0.8613086581064112
clutter,0.05,0.7,0.05,0.9,0.14,0.8,170254.4953125,0.86131985793747
clutter,0.05,0.7,0.05,0.9,0.14,0.9,170383.290625,0.8609601822436672
clutter,0.05,0.7,0.05,0.9,0.2,0.7,172188.849375,0.8727167412119589
clutter,0.05,0.7,0.05,0.9,0.2,0.8,172301.855625,0.871951276897423
clutter,0.05,0.7,0.05,0.9,0.2,0.9,172355.5953125,0.8717333302734676
clutter,0.05,0.7,0.1,0.7,0.1,0.7,167258.805625,0.8624831908281638
clutter,0.05,0.7,0.1,0.7,0.1,0.8,167318.2725,0.8634823784004305
clutter,0.05,0.7,0.1,0.7,0.1,0.9,167424.815625,0.8645342560315953
clutter,0.05,0.7,0.1,0.7,0.14,0.7,169085.78,0.8605908989284714
clutter,0.05,0.7,0.1,0.7,0.14,0.8,169166.1215625,0.8613717494138904
clutter,0.05,0.7,0.1,0.7,0.14,0.9,169209.34,0.8615166609180812
clutter,0.05,0.7,0.1,0.7,0.2,0.7,171727.244375,0.8558310460224778
clutter,0.05,0.7,0.1,0.7,0.2,0.8,171656.7609375,0.8523948012551931
clutter,0.05,0.7,0.1,0.7,0.2,0.9,171933.3584375,0.8495553611346751
clutter,0.05,0.7,0.1,0.8,0.1,0.7,167213.4428125,0.8637423824878476
clutter,0.05,0.7,0.1,0.8,0.1,0.8,167225.5128125,0.8627635171818409
clutter,0.05,0.7,0.1,0.8,0.1,0.9,167345.4615625,0.8620013841215465
clutter,0.05,0.7,0.1,0.8,0.14,0.7,168951.1428125,0.860818435902818
clutter,0.05,0.7,0.1,0.8,0.14,0.8,169087.46875,0.8599601182265144
clutter,0.05,0.7,0.1,0.8,0.14,0.9,169207.7209375,0.8596615529675441
clutter,0.05,0.7,0.1,0.8,0.2,0.7,171721.396875,0.8574193554825531
clutter,0.05,0.7,0.1,0.8,0.2,0.8,171840.060625,0.8550401400719737
clutter,0.05,0.7,0.1,0.8,0.2,0.9,172004.99375,0.8531835174843093
clutter,0.05,0.7,0.1,0.9,0.1,0.7,167208.020625,0.8663576602445565
clutter,0.05,0.7,0.1,0.9,0.1,0.8,167415.184375,0.8635107917509929
clutter,0.05,0.7,0.1,0.9,0.1,0.9,167322.0290625,0.8660129116026033
clutter,0.05,0.7,0.1,0.9,0.14,0.7,169121.189375,0.8617188612138307
clutter,0.05,0.7,0.1,0.9,0.14,0.8,169224.5446875,0.8654708190913314
clutter,0.05,0.7,0.1,0.9,0.14,0.9,169257.0375,0.8581872122918839
clutter,0.05,0.7,0.1,0.9,0.2,0.7,171959.8384375,0.8566203722252834
clutter,0.05,0.7,0.1,0.9,0.2,0.8,172087.1765625,0.8532622287850933
clutter,0.05,0.7,0.1,0.9,0.2,0.9,172273.1821875,0.8535651519079823
clutter,0.05,0.7,0.2,0.7,0.1,0.7,169714.3728125,0.8632072176665447
clutter,0.05,0.7,0.2,0.7,0.1,0.8,169613.4409375,0.8658780755825805
clutter,0.05,0.7,0.2,0.7,0.1,0.9,169627.226875,0.8702680551864197
clutter,0.05,0.7,0.2,0.7,0.14,0.7,171921.5325,0.8635203635967611
clutter,0.05,0.7,0.2,0.7,0.14,0.8,171891.1653125,0.8667365202422878
clutter,0.05,0.7,0.2,0.7,0.14,0.9,171976.73125,0.8654753871076573
clutter,0.05,0.7,0.2,0.7,0.2,0.7,173042.0265625,0.8671287696464904
clutter,0.05,0.7,0.2,0.7,0.2,0.8,172989.455,0.8855501247670677
clutter,0.05,0.7,0.2,0.7,0.2,0.9,173155.45625,0.8642027504100515
clutter,0.05,0.7,0.2,0.8,0.1,0.7,169997.3540625,0.8673915673636059
clutter,0.05,0.7,0.2,0.8,0.1,0.8,170087.9825,0.8670484697183951
clutter,0.05,0.7,0.2,0.8,0.1,0.9,169972.7503125,0.8654936320468924
clutter,0.05,0.7,0.2,0.8,0.14,0.7,171943.0290625,0.8681864229682154
clutter,0.05,0.7,0.2,0.8,0.14,0.8,172190.2665625,0.8739590597184655
clutter,0.05,0.7,0.2,0.8,0.14,0.9,172185.4575,0.8686748030270734
clutter,0.05,0.7,0.2,0.8,0.2,0.7,173585.7915625,0.8582550178805662
clutter,0.05,0.7,0.2,0.8,0.2,0.8,173382.22,0.8619114656073701
clutter,0.05,0.7,0.2,0.8,0.2,0.9,173402.865,0.861122269290941
clutter,0.05,0.7,0.2,0.9,0.1,0.7,169922.319375,0.8622613439255785
clutter,0.05,0.7,0.2,0.9,0.1,0.8,169823.3365625,0.8611441283299811
clutter,0.05,0.7,0.2,0.9,0.1,0.9,170199.1065625,0.8658522676837791
clutter,0.05,0.7,0.2,0.9,0.14,0.7,172327.636875,0.8650887360379963
clutter,0.05,0.7,0.2,0.9,0.14,0.8,172085.204375,0.8641137893676265
clutter,0.05,0.7,0.2,0.9,0.14,0.9,172330.450625,0.864883449060965
clutter,0.05,0.7,0.2,0.9,0.2,0.7,173416.625625,0.8556474777107433
clutter,0.05,0.7,0.2,0.9,0.2,0.8,173353.955,0.8549837769698153
clutter,0.05,0.7,0.2,0.9,0.2,0.9,173613.1240625,0.8579319486762287
clutter,0.05,0.8,0.05,0.7,0.1,0.7,169104.8196875,0.8747904042374848
clutter,0.05,0.8,0.05,0.7,0.1,0.8,169045.553125,0.8782768991622389
clutter,0.05,0.8,0.05,0.7,0.1,0.9,168886.255625,0.8802136272883798
clutter,0.05,0.8,0.05,0.7,0.14,0.7,170049.1584375,0.8639484853236614
clutter,0.05,0.8,0.05,0.7,0.14,0.8,170122.2721875,0.8644862675663451
clutter,0.05,0.8,0.05,0.7,0.14,0.9,170156.6646875,0.8647784559102982
clutter,0.05,0.8,0.05,0.7,0.2,0.7,171956.8265625,0.8676831596439497
clutter,0.05,0.8,0.05,0.7,0.2,0.8,172130.6953125,0.8680816722895063
clutter,0.05,0.8,0.05,0.7,0.2,0.9,172321.3959375,0.8676139986954178
clutter,0.05,0.8,0.05,0.8,0.1,0.7,169001.9325,0.8766284622220524
clutter,0.05,0.8,0.05,0.8,0.1,0.8,168931.6784375,0.8817134405008795
clutter,0.05,0.8,0.05,0.8,0.1,0.9,169138.125,0.8807443750961511
clutter,0.05,0.8,0.05,0.8,0.14,0.7,169862.7015625,0.8667938033892137
clutter,0.05,0.8,0.05,0.8,0.14,0.8,170002.7834375,0.8668078942148931
clutter,0.05,0.8,0.05,0.8,0.14,0.9,170075.84,0.8654733412416138
clutter,0.05,0.8,0.05,0.8,0.2,0.7,172164.29375,0.8707465973952521
clutter,0.05,0.8,0.05,0.8,0.2,0.8,172355.3209375,0.8675281365552016
clutter,0.05,0.8,0.05,0.8,0.2,0.9,172597.00875,0.8682166925563988
clutter,0.05,0.8,0.05,0.9,0.1,0.7,169063.6609375,0.8772190065099036
clutter,0.05,0.8,0.05,0.9,0.1,0.8,169156.4175,0.879353799198623
clutter,0.05,0.8,0.05,0.9,0.1,0.9,169132.3525,0.8802535288238953
clutter,0.05,0.8,0.05,0.9,0.14,0.7,169713.816875,0.8676622539597765
clutter,0.05,0.8,0.05,0.9,0.14,0.8,170044.4975,0.8656985477836239
clutter,0.05,0.8,0.05,0.9,0.14,0.9,170078.345,0.8632838195245295
clutter,0.05,0.8,0.05,0.9,0.2,0.7,172068.4596875,0.8742207328643041
clutter,0.05,0.8,0.05,0.9,0.2,0.8,172225.1753125,0.8726287505237154
clutter,0.05,0.8,0.05,0.9,0.2,0.9,172332.3759375,0.8721723982455077
clutter,0.05,0.8,0.1,0.7,0.1,0.7,167033.926875,0.8655554004546123
clutter,0.05,0.8,0.1,0.7,0.1,0.8,167162.90125,0.8649960871053791
clutter,0.05,0.8,0.1,0.7,0.1,0.9,167343.2540625,0.8643933496768207
clutter,0.05,0.8,0.1,0.7,0.14,0.7,168812.0265625,0.858736307126629
clutter,0.05,0.8,0.1,0.7,0.14,0.8,168854.41875,0.8616696119724988
clutter,0.05,0.8,0.1,0.7,0.14,0.9,169366.5109375,0.8547719781228388
clutter,0.05,0.8,0.1,0.7,0.2,0.7,171523.16,0.8496032771308271
clutter,0.05,0.8,0.1,0.7,0.2,0.8,171668.128125,0.8488396227027454
clutter,0.05,0.8,0.1,0.7,0.2,0.9,171679.3015625,0.8483229772281065
clutter,0.05,0.8,0.1,0.8,0.1,0.7,166996.7521875,0.8659489910076923
clutter,0.05,0.8,0.1,0.8,0.1,0.8,167089.8203125,0.8664530648582377
clutter,0.05,0.8,0.1,0.8,0.1,0.9,167050.6678125,0.8679091327216021
clutter,0.05,0.8,0.1,0.8,0.14,0.7,168813.93,0.8621113444687541
clutter,0.05,0.8,0.1,0.8,0.14,0.8,168842.9340625,0.8622683225255297
clutter,0.05,0.8,0.1,0.8,0.14,0.9,168897.5090625,0.862613948520123
clutter,0.05,0.8,0.1,0.8,0.2,0.7,171856.6565625,0.8526463642573903
clutter,0.05,0.8,0.1,0.8,0.2,0.8,171844.0421875,0.8529871662874438
clutter,0.05,0.8,0.1,0.8,0.2,0.9,172051.7009375,0.8527489545415722
clutter,0.05,0.8,0.1,0.9,0.1,0.7,166819.459375,0.8692233696788974
clutter,0.05,0.8,0.1,0.9,0.1,0.8,167010.6815625,0.8702262600792813
clutter,0.05,0.8,0.1,0.9,0.1,0.9,167120.0046875,0.8694210601256508
clutter,0.05,0.8,0.1,0.9,0.14,0.7,168697.76625,0.8641606954104666
clutter,0.05,0.8,0.1,0.9,0.14,0.8,168819.6878125,0.8634579578787698
clutter,0.05,0.8,0.1,0.9,0.14,0.9,169017.975,0.8608294582767487
clutter,0.05,0.8,0.1,0.9,0.2,0.7,171841.5559375,0.8544857247499961
clutter,0.05,0.8,0.1,0.9,0.2,0.8,171844.646875,0.8547712313474751
clutter,0.05,0.8,0.1,0.9,0.2,0.9,172040.8559375,0.8589118239232638
clutter,0.05,0.8,0.2,0.7,0.1,0.7,169544.9940625,0.861784138390273
clutter,0.05,0.8,0.2,0.7,0.1,0.8,169365.33875,0.8650637539201539
clutter,0.05,0.8,0.2,0.7,0.1,0.9,169622.250625,0.8614781781293906
clutter,0.05,0.8,0.2,0.7,0.14,0.7,171732.9190625,0.8683272366424114
clutter,0.05,0.8,0.2,0.7,0.14,0.8,171952.0571875,0.8720083117103721
clutter,0.05,0.8,0.2,0.7,0.14,0.9,171747.1190625,0.8716524653702771
clutter,0.05,0.8,0.2,0.7,0.2,0.7,172731.5690625,0.8582054003292275
clutter,0.05,0.8,0.2,0.7,0.2,0.8,172732.7328125,0.8648364299912125
clutter,0.05,0.8,0.2,0.7,0.2,0.9,173056.45625,0.8583889890149622
clutter,0.05,0.8,0.2,0.8,0.1,0.7,169856.665625,0.8681871167029409
clutter,0.05,0.8,0.2,0.8,0.1,0.8,169285.92375,0.8632112453211559
clutter,0.05,0.8,0.2,0.8,0.1,0.9,169792.245,0.8665129857497395
clutter,0.05,0.8,0.2,0.8,0.14,0.7,171918.630625,0.8674087212778286
clutter,0.05,0.8,0.2,0.8,0.14,0.8,172046.1459375,0.87590178608707
clutter,0.05,0.8,0.2,0.8,0.14,0.9,171932.476875,0.8697725579438925
clutter,0.05,0.8,0.2,0.8,0.2,0.7,172648.011875,0.8630419337090816
clutter,0.05,0.8,0.2,0.8,0.2,0.8,172818.028125,0.8636633362637511
clutter,0.05,0.8,0.2,0.8,0.2,0.9,173106.463125,0.8652528956464748
clutter,0.05,0.8,0.2,0.9,0.1,0.7,170179.319375,0.8542276505362969
clutter,0.05,0.8,0.2,0.9,0.1,0.8,169950.3525,0.8591412131026519
clutter,0.05,0.8,0.2,0.9,0.1,0.9,170271.063125,0.8518219979396467
clutter,0.05,0.8,0.2,0.9,0.14,0.7,171996.496875,0.8725414267799014
clutter,0.05,0.8,0.2,0.9,0.14,0.8,172291.161875,0.8756057708363179
clutter,0.05,0.8,0.2,0.9,0.14,0.9,172541.889375,0.8737780916661002
clutter,0.05,0.8,0.2,0.9,0.2,0.7,172808.6353125,0.86595907163346
clutter,0.05,0.8,0.2,0.9,0.2,0.8,173194.58625,0.8622033160598778
clutter,0.05,0.8,0.2,0.9,0.2,0.9,173418.1390625,0.8589700091983152
clutter,0.05,0.9,0.05,0.7,0.1,0.7,168906.0159375,0.8723798976693853
clutter,0.05,0.9,0.05,0.7,0.1,0.8,168711.166875,0.874603184727689
clutter,0.05,0.9,0.05,0.7,0.1,0.9,168748.705,0.87402802286691
clutter,0.05,0.9,0.05,0.7,0.14,0.7,169596.251875,0.8667525162337953
clutter,0.05,0.9,0.05,0.7,0.14,0.8,169690.3790625,0.8642886342598642
clutter,0.05,0.9,0.05,0.7,0.14,0.9,169715.5346875,0.8655140343461586
clutter,0.05,0.9,0.05,0.7,0.2,0.7,172068.5046875,0.8679519294043325
clutter,0.05,0.9,0.05,0.7,0.2,0.8,171922.92875,0.8704627196435396
clutter,0.05,0.9,0.05,0.7,0.2,0.9,172114.7984375,0.8685586481673652
clutter,0.05,0.9,0.05,0.8,0.1,0.7,168625.8553125,0.8751573278377056
clutter,0.05,0.9,0.05,0.8,0.1,0.8,168839.2959375,0.8718877912230412
clutter,0.05,0.9,0.05,0.8,0.1,0.9,168717.4709375,0.875339608653212
clutter,0.05,0.9,0.05,0.8,0.14,0.7,169645.69875,0.8707741112979304
clutter,0.05,0.9,0.05,0.8,0.14,0.8,169466.9428125,0.8713762145588427
clutter,0.05,0.9,0.05,0.8,0.14,0.9,169378.59625,0.8703406645435604
clutter,0.05,0.9,0.05,0.8,0.2,0.7,172080.781875,0.8713689847196346
clutter,0.05,0.9,0.05,0.8,0.2,0.8,172070.268125,0.870232704153981
clutter,0.05,0.9,0.05,0.8,0.2,0.9,172168.201875,0.870473093716786
clutter,0.05,0.9,0.05,0.9,0.1,0.7,168717.635,0.8719284143765753
clutter,0.05,0.9,0.05,0.9,0.1,0.8,168614.15125,0.8746177440564347
clutter,0.05,0.9,0.05,0.9,0.1,0.9,168595.8778125,0.8786484606797751
clutter,0.05,0.9,0.05,0.9,0.14,0.7,169480.22125,0.8731772134563581
clutter,0.05,0.9,0.05,0.9,0.14,0.8,169562.9975,0.8720169338221404
clutter,0.05,0.9,0.05,0.9,0.14,0.9,169713.5421875,0.8707418075317024
clutter,0.05,0.9,0.05,0.9,0.2,0.7,171872.6553125,0.876310883464924
clutter,0.05,0.9,0.05,0.9,0.2,0.8,171891.985,0.8735766358966265
clutter,0.05,0.9,0.05,0.9,0.2,0.9,171955.9215625,0.8748495259269907
clutter,0.05,0.9,0.1,0.7,0.1,0.7,166895.6190625,0.8683720579312337
clutter,0.05,0.9,0.1,0.7,0.1,0.8,167034.9121875,0.8693354931481109
clutter,0.05,0.9,0.1,0.7,0.1,0.9,167131.59625,0.8684939546655605
clutter,0.05,0.9,0.1,0.7,0.14,0.7,168749.1534375,0.8620667403312623
clutter,0.05,0.9,0.1,0.7,0.14,0.8,168784.04875,0.864203918974676
clutter,0.05,0.9,0.1,0.7,0.14,0.9,169046.618125,0.8609321766520945
clutter,0.05,0.9,0.1,0.7,0.2,0.7,171340.6109375,0.8544524369538056
clutter,0.05,0.9,0.1,0.7,0.2,0.8,171644.4646875,0.8499558682723296
clutter,0.05,0.9,0.1,0.7,0.2,0.9,171886.6096875,0.8502490982644965
clutter,0.05,0.9,0.1,0.8,0.1,0.7,167166.081875,0.8714697500607907
clutter,0.05,0.9,0.1,0.8,0.1,0.8,167148.8021875,0.8702876475282241
clutter,0.05,0.9,0.1,0.8,0.1,0.9,167236.6821875,0.8685193902224322
clutter,0.05,0.9,0.1,0.8,0.14,0.7,168650.0865625,0.8655304962369583
clutter,0.05,0.9,0.1,0.8,0.14,0.8,168859.945,0.8652649605420594
clutter,0.05,0.9,0.1,0.8,0.14,0.9,168935.656875,0.8646617979443407
clutter,0.05,0.9,0.1,0.8,0.2,0.7,171502.0065625,0.8577503815516339
clutter,0.05,0.9,0.1,0.8,0.2,0.8,171697.5578125,0.8502853022771394
clutter,0.05,0.9,0.1,0.8,0.2,0.9,171770.9209375,0.8503242844293871
clutter,0.05,0.9,0.1,0.9,0.1,0.7,166921.950625,0.8731877765891166
clutter,0.05,0.9,0.1,0.9,0.1,0.8,167032.04625,0.8749188876784205
clutter,0.05,0.9,0.1,0.9,0.1,0.9,167174.6175,0.8787303128557106
clutter,0.05,0.9,0.1,0.9,0.14,0.7,168731.4953125,0.867233483481911
clutter,0.05,0.9,0.1,0.9,0.14,0.8,168865.1646875,0.8687869643029689
clutter,0.05,0.9,0.1,0.9,0.14,0.9,168894.44375,0.8681020463949839
clutter,0.05,0.9,0.1,0.9,0.2,0.7,171786.2784375,0.8573590765381823
clutter,0.05,0.9,0.1,0.9,0.2,0.8,171987.109375,0.8527574296829618
clutter,0.05,0.9,0.1,0.9,0.2,0.9,171960.329375,0.8543186405205547
clutter,0.05,0.9,0.2,0.7,0.1,0.7,169294.3640625,0.8657370325565877
clutter,0.05,0.9,0.2,0.7,0.1,0.8,169048.29875,0.8691073215788677
clutter,0.05,0.9,0.2,0.7,0.1,0.9,169317.3890625,0.8662361789762145
clutter,0.05,0.9,0.2,0.7,0.14,0.7,171318.415,0.8734051126390666
clutter,0.05,0.9,0.2,0.7,0.14,0.8,171620.3696875,0.8702823697149009
clutter,0.05,0.9,0.2,0.7,0.14,0.9,171635.239375,0.8722451632795548
clutter,0.05,0.9,0.2,0.7,0.2,0.7,172472.6178125,0.8638386763444356
clutter,0.05,0.9,0.2,0.7,0.2,0.8,172519.139375,0.8610909622636886
clutter,0.05,0.9,0.2,0.7,0.2,0.9,172784.8490625,0.8573469058584099
clutter,0.05,0.9,0.2,0.8,0.1,0.7,169806.71,0.861704512422995
clutter,0.05,0.9,0.2,0.8,0.1,0.8,169770.72375,0.8673219002801501
clutter,0.05,0.9,0.2,0.8,0.1,0.9,169754.7371875,0.8670293830566211
clutter,0.05,0.9,0.2,0.8,0.14,0.7,171660.9946875,0.8715286325412264
clutter,0.05,0.9,0.2,0.8,0.14,0.8,171355.2503125,0.8728791584253511
clutter,0.05,0.9,0.2,0.8,0.14,0.9,171377.5990625,0.8744256888020925
clutter,0.05,0.9,0.2,0.8,0.2,0.7,172295.6775,0.8672687849650473
clutter,0.05,0.9,0.2,0.8,0.2,0.8,172622.8359375,0.8634182846471973
clutter,0.05,0.9,0.2,0.8,0.2,0.9,172789.88125,0.8593075451797025
clutter,0.05,0.9,0.2,0.9,0.1,0.7,169547.5403125,0.8609986782323463
clutter,0.05,0.9,0.2,0.9,0.1,0.8,169645.9821875,0.8607979758141916
clutter,0.05,0.9,0.2,0.9,0.1,0.9,170027.7378125,0.8659410292734202
clutter,0.05,0.9,0.2,0.9,0.14,0.7,171704.78375,0.879465796138926
clutter,0.05,0.9,0.2,0.9,0.14,0.8,172315.9940625,0.8766022296525996
clutter,0.05,0.9,0.2,0.9,0.14,0.9,171610.0778125,0.8756902783726539
clutter,0.05,0.9,0.2,0.9,0.2,0.7,172580.8003125,0.8622400242517005
clutter,0.05,0.9,0.2,0.9,0.2,0.8,172687.56625,0.8625085028882288
clutter,0.05,0.9,0.2,0.9,0.2,0.9,172958.5884375,0.8647475492531743
clutter,0.1,0.7,0.05,0.7,0.1,0.7,166237.1975,0.9135966952433564
clutter,0.1,0.7,0.05,0.7,0.1,0.8,166461.5528125,0.9052586184586094
clutter,0.1,0.7,0.05,0.7,0.1,0.9,166416.3396875,0.9010386363473708
clutter,0.1,0.7,0.05,0.7,0.14,0.7,166681.901875,0.9089503843009744
clutter,0.1,0.7,0.05,0.7,0.14,0.8,166967.5190625,0.9072864883666252
clutter,0.1,0.7,0.05,0.7,0.14,0.9,166912.7278125,0.9058677940203229
clutter,0.1,0.7,0.05,0.7,0.2,0.7,167963.275,0.8993473157298962
clutter,0.1,0.7,0.05,0.7,0.2,0.8,168173.071875,0.9016548778599387
clutter,0.1,0.7,0.05,0.7,0.2,0.9,168353.6525,0.9015300657090052
clutter,0.1,0.7,0.05,0.8,0.1,0.7,166398.0584375,0.8982804861002803
clutter,0.1,0.7,0.05,0.8,0.1,0.8,166471.9628125,0.9009337360053188
clutter,0.1,0.7,0.05,0.8,0.1,0.9,166167.139375,0.9014818961642913
clutter,0.1,0.7,0.05,0.8,0.14,0.7,166540.43375,0.9083959064279
clutter,0.1,0.7,0.05,0.8,0.14,0.8,166675.253125,0.9058764691934317
clutter,0.1,0.7,0.05,0.8,0.14,0.9,166857.34875,0.9073516008612614
clutter,0.1,0.7,0.05,0.8,0.2,0.7,167908.965625,0.9030923866426045
clutter,0.1,0.7,0.05,0.8,0.2,0.8,168191.005625,0.9031137065438094
clutter,0.1,0.7,0.05,0.8,0.2,0.9,168212.225625,0.9008152813010125
clutter,0.1,0.7,0.05,0.9,0.1,0.7,166582.271875,0.8984290925395816
clutter,0.1,0.7,0.05,0.9,0.1,0.8,166492.1315625,0.8968646327829375
clutter,0.1,0.7,0.05,0.9,0.1,0.9,166603.8996875,0.8959679453410611
clutter,0.1,0.7,0.05,0.9,0.14,0.7,166599.26375,0.906957131407999
clutter,0.1,0.7,0.05,0.9,0.14,0.8,166516.105625,0.9039571008574044
clutter,0.1,0.7,0.05,0.9,0.14,0.9,166664.025625,0.9066752581783628
clutter,0.1,0.7,0.05,0.9,0.2,0.7,167729.7740625,0.9043341657884192
clutter,0.1,0.7,0.05,0.9,0.2,0.8,167879.8834375,0.9034795490056389
clutter,0.1,0.7,0.05,0.9,0.2,0.9,168461.1209375,0.9004641691731251
clutter,0.1,0.7,0.1,0.7,0.1,0.7,165708.1225,0.8914088168630551
clutter,0.1,0.7,0.1,0.7,0.1,0.8,165899.5609375,0.8969224895603393
clutter,0.1,0.7,0.1,0.7,0.1,0.9,165879.99125,0.8970182456872297
clutter,0.1,0.7,0.1,0.7,0.14,0.7,166350.354375,0.907281131437186
clutter,0.1,0.7,0.1,0.7,0.14,0.8,166348.83125,0.9013323150116532
clutter,0.1,0.7,0.1,0.7,0.14,0.9,166619.4646875,0.8996560678766198
clutter,0.1,0.7,0.1,0.7,0.2,0.7,168297.8471875,0.8853753734433926
clutter,0.1,0.7,0.1,0.7,0.2,0.8,168352.385,0.884523528999387
clutter,0.1,0.7,0.1,0.7,0.2,0.9,168551.3840625,0.8793639948881891
clutter,0.1,0.7,0.1,0.8,0.1,0.7,165736.0509375,0.8906556108218793
clutter,0.1,0.7,0.1,0.8,0.1,0.8,165880.525,0.8929188490813129
clutter,0.1,0.7,0.1,0.8,0.1,0.9,166121.68125,0.8929385846198763
clutter,0.1,0.7,0.1,0.8,0.14,0.7,166731.725625,0.8937537419853799
clutter,0.1,0.7,0.1,0.8,0.14,0.8,166505.5821875,0.8997679504351299
clutter,0.1,0.7,0.1,0.8,0.14,0.9,166709.4596875,0.8930973950920428
clutter,0.1,0.7,0.1,0.8,0.2,0.7,168570.36125,0.883308855330298
clutter,0.1,0.7,0.1,0.8,0.2,0.8,168632.6090625,0.8810360729250626
clutter,0.1,0.7,0.1,0.8,0.2,0.9,169026.3009375,0.8773309423730871
clutter,0.1,0.7,0.1,0.9,0.1,0.7,165933.5821875,0.8929706297280572
clutter,0.1,0.7,0.1,0.9,0.1,0.8,166051.7175,0.8951108323807386
clutter,0.1,0.7,0.1,0.9,0.1,0.9,166417.688125,0.8953116072919876
clutter,0.1,0.7,0.1,0.9,0.14,0.7,166431.053125,0.8964844936358765
clutter,0.1,0.7,0.1,0.9,0.14,0.8,166665.3796875,0.8972190487338615
clutter,0.1,0.7,0.1,0.9,0.14,0.9,167158.8459375,0.8984866496269208
clutter,0.1,0.7,0.1,0.9,0.2,0.7,168767.8328125,0.8846836517586837
clutter,0.1,0.7,0.1,0.9,0.2,0.8,168931.23875,0.8892534114176072
clutter,0.1,0.7,0.1,0.9,0.2,0.9,169282.3665625,0.8803693777855631
clutter,0.1,0.7,0.2,0.7,0.1,0.7,166270.6009375,0.8855890446743452
clutter,0.1,0.7,0.2,0.7,0.1,0.8,166613.925625,0.8848933942060416
clutter,0.1,0.7,0.2,0.7,0.1,0.9,167004.4803125,0.880984381768078
clutter,0.1,0.7,0.2,0.7,0.14,0.7,166394.001875,0.8990455425092115
clutter,0.1,0.7,0.2,0.7,0.14,0.8,166640.0459375,0.9012931515597629
clutter,0.1,0.7,0.2,0.7,0.14,0.9,166368.7053125,0.894484726802344
clutter,0.1,0.7,0.2,0.7,0.2,0.7,168999.3053125,0.879745971952928
clutter,0.1,0.7,0.2,0.7,0.2,0.8,169261.58,0.8775602807238758
clutter,0.1,0.7,0.2,0.7,0.2,0.9,169492.754375,0.8746669596611141
clutter,0.1,0.7,0.2,0.8,0.1,0.7,166893.85625,0.8862463772127329
clutter,0.1,0.7,0.2,0.8,0.1,0.8,167233.1884375,0.8830008165029762
clutter,0.1,0.7,0.2,0.8,0.1,0.9,166821.3159375,0.8865368589140821
clutter,0.1,0.7,0.2,0.8,0.14,0.7,167104.679375,0.8922254615552577
clutter,0.1,0.7,0.2,0.8,0.14,0.8,166920.426875,0.8855041159110911
clutter,0.1,0.7,0.2,0.8,0.14,0.9,166931.7234375,0.8972461638335872
clutter,0.1,0.7,0.2,0.8,0.2,0.7,169076.194375,0.8850281740512795
clutter,0.1,0.7,0.2,0.8,0.2,0.8,169474.771875,0.8840535067968205
clutter,0.1,0.7,0.2,0.8,0.2,0.9,169871.60125,0.8739980733125878
clutter,0.1,0.7,0.2,0.9,0.1,0.7,167070.1128125,0.8853047600049646
clutter,0.1,0.7,0.2,0.9,0.1,0.8,167556.2534375,0.8874042015132261
clutter,0.1,0.7,0.2,0.9,0.1,0.9,167217.5009375,0.8861768230148815
clutter,0.1,0.7,0.2,0.9,0.14,0.7,167562.2540625,0.891540669604945
clutter,0.1,0.7,0.2,0.9,0.14,0.8,167706.0103125,0.8904613117323642
clutter,0.1,0.7,0.2,0.9,0.14,0.9,167366.81875,0.8894738150562005
clutter,0.1,0.7,0.2,0.9,0.2,0.7,169901.38,0.8794357480137761
clutter,0.1,0.7,0.2,0.9,0.2,0.8,169418.1653125,0.8724645333315892
clutter,0.1,0.7,0.2,0.9,0.2,0.9,169962.9015625,0.8743322516627708
clutter,0.1,0.8,0.05,0.7,0.1,0.7,166281.7028125,0.9006773118229525
clutter,0.1,0.8,0.05,0.7,0.1,0.8,166346.5196875,0.9006471801118746
clutter,0.1,0.8,0.05,0.7,0.1,0.9,166328.895,0.8985179001898884
clutter,0.1,0.8,0.05,0.7,0.14,0.7,167248.1815625,0.9051556913326556
clutter,0.1,0.8,0.05,0.7,0.14,0.8,167059.944375,0.9053313981305331
clutter,0.1,0.8,0.05,0.7,0.14,0.9,166971.5903125,0.9015153854074572
clutter,0.1,0.8,0.05,0.7,0.2,0.7,168332.983125,0.9025110042801845
clutter,0.1,0.8,0.05,0.7,0.2,0.8,168526.2496875,0.9041048045650726
clutter,0.1,0.8,0.05,0.7,0.2,0.9,168812.42375,0.9005682974197494
clutter,0.1,0.8,0.05,0.8,0.1,0.7,166410.455,0.8985534997680292
clutter,0.1,0.8,0.05,0.8,0.1,0.8,166491.0115625,0.9003178191008254
clutter,0.1,0.8,0.05,0.8,0.1,0.9,166511.9440625,0.8981516987389897
clutter,0.1,0.8,0.05,0.8,0.14,0.7,167027.42125,0.9029123180763858
clutter,0.1,0.8,0.05,0.8,0.14,0.8,166852.735625,0.9042593945114296
clutter,0.1,0.8,0.05,0.8,0.14,0.9,167127.593125,0.9017483235829915
clutter,0.1,0.8,0.05,0.8,0.2,0.7,168197.8721875,0.9045463572054362
clutter,0.1,0.8,0.05,0.8,0.2,0.8,168456.8825,0.9047592874638972
clutter,0.1,0.8,0.05,0.8,0.2,0.9,168657.0784375,0.9048429547081375
clutter,0.1,0.8,0.05,0.9,0.1,0.7,166281.9228125,0.89726839366967
clutter,0.1,0.8,0.05,0.9,0.1,0.8,166170.915625,0.900889502601422
clutter,0.1,0.8,0.05,0.9,0.1,0.9,166412.0340625,0.8969719978590134
clutter,0.1,0.8,0.05,0.9,0.14,0.7,166836.3446875,0.9007052382008147
clutter,0.1,0.8,0.05,0.9,0.14,0.8,167321.7640625,0.8972631387302314
clutter,0.1,0.8,0.05,0.9,0.14,0.9,167619.380625,0.8988983340931312
clutter,0.1,0.8,0.05,0.9,0.2,0.7,168108.379375,0.9088654896318008
clutter,0.1,0.8,0.05,0.9,0.2,0.8,168255.5734375,0.9057618045960709
clutter,0.1,0.8,0.05,0.9,0.2,0.9,168493.7553125,0.9039596649063105
clutter,0.1,0.8,0.1,0.7,0.1,0.7,166431.9275,0.8892542362447315
clutter,0.1,0.8,0.1,0.7,0.1,0.8,166146.544375,0.8907081250204623
clutter,0.1,0.8,0.1,0.7,0.1,0.9,166505.739375,0.8936058473819196
clutter,0.1,0.8,0.1,0.7,0.14,0.7,166990.1465625,0.9033970982095535
clutter,0.1,0.8,0.1,0.7,0.14,0.8,167074.8178125,0.8981668048156846
clutter,0.1,0.8,0.1,0.7,0.14,0.9,167083.9803125,0.8976334774026236
clutter,0.1,0.8,0.1,0.7,0.2,0.7,168891.28125,0.8770297139416015
clutter,0.1,0.8,0.1,0.7,0.2,0.8,169135.149375,0.8758046117604695
clutter,0.1,0.8,0.1,0.7,0.2,0.9,169046.536875,0.8748884128794561
clutter,0.1,0.8,0.1,0.8,0.1,0.7,166420.44625,0.890910192144744
clutter,0.1,0.8,0.1,0.8,0.1,0.8,166537.1325,0.8940897216814986
clutter,0.1,0.8,0.1,0.8,0.1,0.9,166498.8465625,0.8933683514717454
clutter,0.1,0.8,0.1,0.8,0.14,0.7,166864.040625,0.9021575388447921
clutter,0.1,0.8,0.1,0.8,0.14,0.8,167031.636875,0.8982112851719845
clutter,0.1,0.8,0.1,0.8,0.14,0.9,166952.3865625,0.8957983108027912
clutter,0.1,0.8,0.1,0.8,0.2,0.7,169060.1784375,0.8807492429723196
clutter,0.1,0.8,0.1,0.8,0.2,0.8,169296.48,0.8779394822639794
clutter,0.1,0.8,0.1,0.8,0.2,0.9,169372.415625,0.8758426107145965
clutter,0.1,0.8,0.1,0.9,0.1,0.7,166378.170625,0.8990592518921242
clutter,0.1,0.8,0.1,0.9,0.1,0.8,166294.4678125,0.8919290208216263
clutter,0.1,0.8,0.1,0.9,0.1,0.9,166577.9896875,0.8939911984435019
clutter,0.1,0.8,0.1,0.9,0.14,0.7,166914.3584375,0.9001206581400321
clutter,0.1,0.8,0.1,0.9,0.14,0.8,167088.99375,0.8955769951176223
clutter,0.1,0.8,0.1,0.9,0.14,0.9,167133.8275,0.8937591853769896
clutter,0.1,0.8,0.1,0.9,0.2,0.7,169518.2696875,0.8772536727120759
clutter,0.1,0.8,0.1,0.9,0.2,0.8,169492.795625,0.8798720929620251
clutter,0.1,0.8,0.1,0.9,0.2,0.9,169403.528125,0.8724744466885096
clutter,0.1,0.8,0.2,0.7,0.1,0.7,166954.8421875,0.8927084813546766
clutter,0.1,0.8,0.2,0.7,0.1,0.8,166835.9340625,0.8948363302283898
clutter,0.1,0.8,0.2,0.7,0.1,0.9,166720.8859375,0.8890798661745106
clutter,0.1,0.8,0.2,0.7,0.14,0.7,166655.9690625,0.8947484747553973
clutter,0.1,0.8,0.2,0.7,0.14,0.8,166966.6759375,0.8947655784036885
clutter,0.1,0.8,0.2,0.7,0.14,0.9,167209.284375,0.9122977518348762
clutter,0.1,0.8,0.2,0.7,0.2,0.7,169100.6975,0.874303144204016
clutter,0.1,0.8,0.2,0.7,0.2,0.8,169530.295625,0.8748798681933121
clutter,0.1,0.8,0.2,0.7,0.2,0.9,169875.0265625,0.8773160928734525
clutter,0.1,0.8,0.2,0.8,0.1,0.7,166979.50625,0.8915507832608804
clutter,0.1,0.8,0.2,0.8,0.1,0.8,167087.51125,0.8893397545508448
clutter,0.1,0.8,0.2,0.8,0.1,0.9,167135.7996875,0.8943094621918911
clutter,0.1,0.8,0.2,0.8,0.14,0.7,167023.9559375,0.8979202492689906
clutter,0.1,0.8,0.2,0.8,0.14,0.8,167356.899375,0.8962891393524085
clutter,0.1,0.8,0.2,0.8,0.14,0.9,167614.3021875,0.8962684388785813
clutter,0.1,0.8,0.2,0.8,0.2,0.7,169558.73125,0.8770700488060732
clutter,0.1,0.8,0.2,0.8,0.2,0.8,170057.478125,0.873694040395476
clutter,0.1,0.8,0.2,0.8,0.2,0.9,169800.4134375,0.877471729584953
clutter,0.1,0.8,0.2,0.9,0.1,0.7,167453.781875,0.8891256988316606
clutter,0.1,0.8,0.2,0.9,0.1,0.8,167231.76125,0.8921033026159896
clutter,0.1,0.8,0.2,0.9,0.1,0.9,167939.2228125,0.887925772083112
clutter,0.1,0.8,0.2,0.9,0.14,0.7,167890.235625,0.8940051825343704
clutter,0.1,0.8,0.2,0.9,0.14,0.8,167864.5875,0.8881284180157593
clutter,0.1,0.8,0.2,0.9,0.14,0.9,168084.994375,0.8908077395770335
clutter,0.1,0.8,0.2,0.9,0.2,0.7,169700.593125,0.8741862057551034
clutter,0.1,0.8,0.2,0.9,0.2,0.8,170413.773125,0.8758732633192562
clutter,0.1,0.8,0.2,0.9,0.2,0.9,170409.9896875,0.8704736279291222
clutter,0.1,0.9,0.05,0.7,0.1,0.7,166466.11125,0.8999752272008785
clutter,0.1,0.9,0.05,0.7,0.1,0.8,166648.0728125,0.8961897640082994
clutter,0.1,0.9,0.05,0.7,0.1,0.9,166322.47625,0.8963948421956437
clutter,0.1,0.9,0.05,0.7,0.14,0.7,167657.254375,0.8943019744408913
clutter,0.1,0.9,0.05,0.7,0.14,0.8,167772.4853125,0.8918187244419975
clutter,0.1,0.9,0.05,0.7,0.14,0.9,167581.161875,0.8952234815535364
clutter,0.1,0.9,0.05,0.7,0.2,0.7,168312.9171875,0.899085174925383
clutter,0.1,0.9,0.05,0.7,0.2,0.8,168915.6878125,0.8951443389857339
clutter,0.1,0.9,0.05,0.7,0.2,0.9,168969.03875,0.8964700263815755
clutter,0.1,0.9,0.05,0.8,0.1,0.7,166534.35625,0.9003346889262588
clutter,0.1,0.9,0.05,0.8,0.1,0.8,166452.9634375,0.9034544858244332
clutter,0.1,0.9,0.05,0.8,0.1,0.9,166564.62875,0.8995900414986331
clutter,0.1,0.9,0.05,0.8,0.14,0.7,167363.0703125,0.8932232445192761
clutter,0.1,0.9,0.05,0.8,0.14,0.8,167596.625,0.894462977887893
clutter,0.1,0.9,0.05,0.8,0.14,0.9,167802.495625,0.8915372534520881
clutter,0.1,0.9,0.05,0.8,0.2,0.7,168329.1921875,0.9053689430145492
clutter,0.1,0.9,0.05,0.8,0.2,0.8,168574.445625,0.9059066670624218
clutter,0.1,0.9,0.05,0.8,0.2,0.9,169185.126875,0.9088387150974994
clutter,0.1,0.9,0.05,0.9,0.1,0.7,166276.3871875,0.8987893182600485
clutter,0.1,0.9,0.05,0.9,0.1,0.8,166282.1221875,0.900124487090966
clutter,0.1,0.9,0.05,0.9,0.1,0.9,166325.30125,0.8969670622742747
clutter,0.1,0.9,0.05,0.9,0.14,0.7,167679.56,0.8982059996640589
clutter,0.1,0.9,0.05,0.9,0.14,0.8,167512.0428125,0.8961802729104005
clutter,0.1,0.9,0.05,0.9,0.14,0.9,167837.17375,0.8929002025215652
clutter,0.1,0.9,0.05,0.9,0.2,0.7,168862.94,0.905361826392458
clutter,0.1,0.9,0.05,0.9,0.2,0.8,168980.5753125,0.9084207813831501
clutter,0.1,0.9,0.05,0.9,0.2,0.9,168977.4765625,0.9062167247294449
clutter,0.1,0.9,0.1,0.7,0.1,0.7,166308.67,0.8934865074254534
clutter,0.1,0.9,0.1,0.7,0.1,0.8,166397.389375,0.8938546201100457
clutter,0.1,0.9,0.1,0.7,0.1,0.9,166439.7025,0.8956351565306336
clutter,0.1,0.9,0.1,0.7,0.14,0.7,167481.0640625,0.9033579290450078
clutter,0.1,0.9,0.1,0.7,0.14,0.8,167620.1546875,0.8953590179653531
clutter,0.1,0.9,0.1,0.7,0.14,0.9,167688.214375,0.8972313715296995
clutter,0.1,0.9,0.1,0.7,0.2,0.7,168818.119375,0.8757370461917761
clutter,0.1,0.9,0.1,0.7,0.2,0.8,169255.165625,0.8769395872165598
clutter,0.1,0.9,0.1,0.7,0.2,0.9,169873.0384375,0.8678639704095779
clutter,0.1,0.9,0.1,0.8,0.1,0.7,166996.063125,0.8878307949570942
clutter,0.1,0.9,0.1,0.8,0.1,0.8,167026.570625,0.893617601420783
clutter,0.1,0.9,0.1,0.8,0.1,0.9,166947.54375,0.8920516986233133
clutter,0.1,0.9,0.1,0.8,0.14,0.7,166984.795625,0.9043206652211805
clutter,0.1,0.9,0.1,0.8,0.14,0.8,167547.2453125,0.8996132552591777
clutter,0.1,0.9,0.1,0.8,0.14,0.9,167833.8384375,0.8929486409238947
clutter,0.1,0.9,0.1,0.8,0.2,0.7,169301.4015625,0.8759409933237957
clutter,0.1,0.9,0.1,0.8,0.2,0.8,169624.13625,0.8765934740157197
clutter,0.1,0.9,0.1,0.8,0.2,0.9,169743.673125,0.8730847492879894
clutter,0.1,0.9,0.1,0.9,0.1,0.7,166722.1671875,0.8967071717341705
clutter,0.1,0.9,0.1,0.9,0.1,0.8,167008.63,0.8995781568250242
clutter,0.1,0.9,0.1,0.9,0.1,0.9,167043.5503125,0.8922513756298152
clutter,0.1,0.9,0.1,0.9,0.14,0.7,167378.058125,0.8962371290008448
clutter,0.1,0.9,0.1,0.9,0.14,0.8,167434.593125,0.8956659658271445
clutter,0.1,0.9,0.1,0.9,0.14,0.9,167893.004375,0.8980629602875111
clutter,0.1,0.9,0.1,0.9,0.2,0.7,169377.30875,0.8763779968953817
clutter,0.1,0.9,0.1,0.9,0.2,0.8,169887.3240625,0.8714766794637484
clutter,0.1,0.9,0.1,0.9,0.2,0.9,170338.250625,0.8685574452797016
clutter,0.1,0.9,0.2,0.7,0.1,0.7,167108.3503125,0.8902840785842292
clutter,0.1,0.9,0.2,0.7,0.1,0.8,167002.5428125,0.8842873798409154
clutter,0.1,0.9,0.2,0.7,0.1,0.9,167124.1625,0.8845591622075294
clutter,0.1,0.9,0.2,0.7,0.14,0.7,167582.7396875,0.8921243939864244
clutter,0.1,0.9,0.2,0.7,0.14,0.8,167304.811875,0.902655543652868
clutter,0.1,0.9,0.2,0.7,0.14,0.9,167452.4771875,0.8894106355334386
clutter,0.1,0.9,0.2,0.7,0.2,0.7,169980.8971875,0.8707252335745759
clutter,0.1,0.9,0.2,0.7,0.2,0.8,170393.751875,0.8680857733173376
clutter,0.1,0.9,0.2,0.7,0.2,0.9,170583.425625,0.8765709146858573
clutter,0.1,0.9,0.2,0.8,0.1,0.7,167178.906875,0.8831604346981327
clutter,0.1,0.9,0.2,0.8,0.1,0.8,167194.3665625,0.8860048897158674
clutter,0.1,0.9,0.2,0.8,0.1,0.9,167448.0396875,0.8855596562743014
clutter,0.1,0.9,0.2,0.8,0.14,0.7,167877.114375,0.8893773180781582
clutter,0.1,0.9,0.2,0.8,0.14,0.8,167977.0315625,0.8870886321951293
clutter,0.1,0.9,0.2,0.8,0.14,0.9,167885.1278125,0.8941155124956813
clutter,0.1,0.9,0.2,0.8,0.2,0.7,170737.1534375,0.8619898739089593
clutter,0.1,0.9,0.2,0.8,0.2,0.8,170535.4275,0.8702544389054084
clutter,0.1,0.9,0.2,0.8,0.2,0.9,170552.72,0.8708488478202598
clutter,0.1,0.9,0.2,0.9,0.1,0.7,168124.00125,0.8885722711177428
clutter,0.1,0.9,0.2,0.9,0.1,0.8,168012.72625,0.8820916736598281
clutter,0.1,0.9,0.2,0.9,0.1,0.9,168009.40875,0.8821647025278557
clutter,0.1,0.9,0.2,0.9,0.14,0.7,168404.4921875,0.8834589212050987
clutter,0.1,0.9,0.2,0.9,0.14,0.8,168751.27,0.8812470614772557
clutter,0.1,0.9,0.2,0.9,0.14,0.9,169182.1278125,0.874821214751724
clutter,0.1,0.9,0.2,0.9,0.2,0.7,170568.5365625,0.8728595280319119
clutter,0.1,0.9,0.2,0.9,0.2,0.8,170402.30875,0.8768044269130459
clutter,0.1,0.9,0.2,0.9,0.2,0.9,170850.2859375,0.8787387401630282
